image,steering
img_0.png,-0.2724159047307543
img_1.png,0.36827052927829196
img_2.png,0.2081879407015762
img_3.png,-0.12975519172017047
img_4.png,-0.08920741488384942
img_5.png,-0.46116888183623805
img_6.png,-0.018100055791773095
img_7.png,0.4581979533178826
img_8.png,-0.07374787169593855
img_9.png,0.07365828454726486
img_10.png,-0.39589994259296657
img_11.png,-0.3532483519703078
img_12.png,-0.2118218049881574
img_13.png,0.2826979542643564
img_14.png,0.011971635634903444
img_15.png,-0.22182789713560447
img_16.png,-0.20511014775058256
img_17.png,-0.1396449752855894
img_18.png,0.40678884814352223
img_19.png,-0.4798855658836968
img_20.png,0.00047423423261705455
img_21.png,-0.02602204215197501
img_22.png,-0.4313308769748807
img_23.png,-0.4848650417583542
img_24.png,-0.13029175033086893
img_25.png,0.23325120640989594
img_26.png,-0.16753791703407805
img_27.png,-0.010419672426678961
img_28.png,0.19279834950533203
img_29.png,-0.4432738721932121
img_30.png,0.13510927618113333
img_31.png,-0.21807307300989387
img_32.png,-0.21794010612349557
img_33.png,-0.3915073501430574
img_34.png,0.41266978497522677
img_35.png,-0.20135988481385736
img_36.png,0.10437787925692055
img_37.png,-0.37954949192708065
img_38.png,-0.49254037343153456
img_39.png,0.31709359495063205
img_40.png,-0.404650614806768
img_41.png,0.18146608805825182
img_42.png,-0.13502675607370118
img_43.png,-0.21381897301268482
img_44.png,0.39711911849232895
img_45.png,-0.3589369189626037
img_46.png,-0.09711159983002415
img_47.png,-0.17357272729495554
img_48.png,0.29499727289204836
img_49.png,-0.011649509469454977
img_50.png,-0.4611440820646465
img_51.png,0.4918625473520042
img_52.png,0.38773248374303615
img_53.png,0.10609594398029987
img_54.png,-0.08422895313200796
img_55.png,0.3190620878192676
img_56.png,-0.3928997656955533
img_57.png,-0.08579847790994366
img_58.png,-0.27789827017915325
img_59.png,-0.2669656007185919
img_60.png,0.42737164692628793
img_61.png,-0.4124282625366573
img_62.png,-0.4796419376227581
img_63.png,-0.2762449551029247
img_64.png,-0.08486595584607737
img_65.png,0.34609314428017957
img_66.png,0.057539271317512464
img_67.png,-0.2699362871121329
img_68.png,-0.00829958257589436
img_69.png,0.13540578540195602
img_70.png,-0.2335419481476707
img_71.png,-0.18584342939483045
img_72.png,-0.34573096057280495
img_73.png,0.05288161833515714
img_74.png,0.3443612140535087
img_75.png,-0.10869368005840341
img_76.png,0.2941279490251124
img_77.png,0.2451041720627406
img_78.png,0.44238876851799114
img_79.png,0.02336175222756043
img_80.png,0.1825724220623779
img_81.png,0.4774411281965849
img_82.png,0.4136078696947867
img_83.png,-0.22143354201998844
img_84.png,-0.19798506081226674
img_85.png,0.1354944355272777
img_86.png,-0.01369080186552174
img_87.png,0.437944996763569
img_88.png,0.4718495281106072
img_89.png,-0.4111145803244972
img_90.png,0.2552880292498123
img_91.png,0.1523221821845142
img_92.png,0.3892304657546114
img_93.png,-0.49459416458898486
img_94.png,-0.3617879723581102
img_95.png,-0.1628405523043469
img_96.png,-0.078295038346058
img_97.png,0.06243517551808042
img_98.png,0.30389350360203715
img_99.png,-0.49375569900606675
img_100.png,0.3165433370462122
img_101.png,-0.33171927773920795
img_102.png,0.2530955575058488
img_103.png,0.3367994574802483
img_104.png,0.3645376171742072
img_105.png,0.0816030441432678
img_106.png,-0.329561947205553
img_107.png,-0.2262013238507633
img_108.png,-0.16496502115498712
img_109.png,0.46207224572671646
img_110.png,0.49032873271100585
img_111.png,-0.14114682647194277
img_112.png,0.047789715323970694
img_113.png,0.433023324996728
img_114.png,-0.3859956565168412
img_115.png,0.35827787573362335
img_116.png,0.11396448446800322
img_117.png,-0.4110024446432692
img_118.png,0.06917391538211692
img_119.png,0.4111396639450072
img_120.png,-0.0603772307043543
img_121.png,0.04662602586501574
img_122.png,0.14073479785437126
img_123.png,0.1414879033473836
img_124.png,-0.4941777890531084
img_125.png,0.11906303635472393
img_126.png,-0.4393095423459631
img_127.png,-0.24351540177325004
img_128.png,-0.014249672510418754
img_129.png,-0.016638196052571108
img_130.png,-0.04510926929322734
img_131.png,0.18315518181185064
img_132.png,0.2426145354646706
img_133.png,0.02100596351331141
img_134.png,-0.09902254197248261
img_135.png,0.44120974679277125
img_136.png,0.44617717079284824
img_137.png,0.011809466581438
img_138.png,-0.1240896047199671
img_139.png,-0.2861203840074872
img_140.png,0.08629527140162807
img_141.png,-0.18353826772173099
img_142.png,-0.05823831156604309
img_143.png,0.17696745880525244
img_144.png,-0.46804409961162297
img_145.png,0.48866812318366026
img_146.png,0.19063656320635403
img_147.png,-0.35940360585568687
img_148.png,-0.49989732109069374
img_149.png,0.010815088542009077
img_150.png,-0.3698277148947857
img_151.png,0.2941214036712201
img_152.png,0.19529461955040328
img_153.png,0.2636903799214989
img_154.png,0.2879716045350432
img_155.png,-0.4421682285270139
img_156.png,0.4573358625042805
img_157.png,-0.4476178673625739
img_158.png,0.10571557458678671
img_159.png,-0.16204772623145725
img_160.png,-0.10335993283836808
img_161.png,-0.21701793072508124
img_162.png,0.29939866599220466
img_163.png,-0.11240534135845659
img_164.png,0.09295737779342617
img_165.png,-0.10255070257105914
img_166.png,0.09007635811235692
img_167.png,-0.25485033131601953
img_168.png,-0.29779369529967026
img_169.png,0.17251012651292075
img_170.png,0.3360792043841422
img_171.png,0.1807003515519231
img_172.png,0.2160025040251976
img_173.png,-0.06329648696671719
img_174.png,-0.2500819532496311
img_175.png,0.40341623292657414
img_176.png,-0.24965622086616923
img_177.png,0.21361094107321255
img_178.png,0.2987430811494646
img_179.png,-0.18585327829142784
img_180.png,-0.25987728707134505
img_181.png,0.2680990555876429
img_182.png,0.3345820387163748
img_183.png,-0.11340710160859746
img_184.png,-0.3598418545940908
img_185.png,0.18602631068721343
img_186.png,-0.2714185822760925
img_187.png,0.4063826396813922
img_188.png,-0.37072740713819885
img_189.png,-0.3642076544076983
img_190.png,0.2773476180271225
img_191.png,-0.258066365144066
img_192.png,-0.016794639104284803
img_193.png,-0.48105482404748967
img_194.png,-0.18688555324061706
img_195.png,0.06967669410804678
img_196.png,0.005283694540863637
img_197.png,0.36610859581262145
img_198.png,-0.16691586401952252
img_199.png,0.1440036310703614
img_200.png,0.19028574660705333
img_201.png,0.46423600513887475
img_202.png,-0.43303234270348767
img_203.png,0.13505288132564086
img_204.png,0.23268685533778133
img_205.png,-0.3907108442178787
img_206.png,0.423114562934114
img_207.png,-0.009472530159468473
img_208.png,0.09661442907555873
img_209.png,0.4573391333816952
img_210.png,0.4204065368499619
img_211.png,0.34316732998877875
img_212.png,-0.10815105488455146
img_213.png,0.42555294540742505
img_214.png,0.39706766179811026
img_215.png,-0.39561645974038084
img_216.png,-0.3720026317309497
img_217.png,-0.3114815601658075
img_218.png,-0.009392392194456312
img_219.png,0.007972047075976763
img_220.png,0.17081181305383863
img_221.png,-0.2603864032683215
img_222.png,-0.03542501760520611
img_223.png,0.023905295405655003
img_224.png,0.1595298028861577
img_225.png,0.45575165145067864
img_226.png,0.21235977721829102
img_227.png,-0.22570919085106167
img_228.png,0.37558054161138255
img_229.png,-0.2885501745268839
img_230.png,-0.15608184165424432
img_231.png,0.4166320921583332
img_232.png,0.04354945992934123
img_233.png,0.23987722870556716
img_234.png,0.17871114181891845
img_235.png,-0.21525836511209606
img_236.png,0.4568914947905025
img_237.png,-0.09551890746191449
img_238.png,-0.48071786612017275
img_239.png,-0.34771347252864837
img_240.png,0.07107287147526475
img_241.png,-0.28231832216637587
img_242.png,0.2654429850062391
img_243.png,-0.039689029471562054
img_244.png,0.2139543927908396
img_245.png,0.41083829358889445
img_246.png,0.309616371423051
img_247.png,-0.07222837539381777
img_248.png,-0.25559969939321303
img_249.png,0.25922773939158494
img_250.png,-0.27622835767249376
img_251.png,-0.10613795017818295
img_252.png,0.3371183925330675
img_253.png,-0.4576620631077424
img_254.png,0.19460881083018322
img_255.png,-0.41589469533750956
img_256.png,-0.2753133746929778
img_257.png,0.3869005473319308
img_258.png,-0.022814031134050228
img_259.png,0.05696012132496986
img_260.png,-0.10918636723055763
img_261.png,0.23496014030073886
img_262.png,0.17376957011199456
img_263.png,0.24081095870958136
img_264.png,0.11814271326399184
img_265.png,-0.49397296621321196
img_266.png,-0.030798771798516644
img_267.png,-0.16555387838086755
img_268.png,-0.39947475545011024
img_269.png,-0.03789219562712265
img_270.png,-0.005099500254823752
img_271.png,-0.2420725834162455
img_272.png,0.3205015221921427
img_273.png,0.15184839490143642
img_274.png,-0.14849863866580704
img_275.png,0.22506956060894734
img_276.png,-0.3969313272686271
img_277.png,0.13023696738916934
img_278.png,-0.3911505219617294
img_279.png,0.1378953661765584
img_280.png,-0.3771328639101188
img_281.png,-0.3591927231252666
img_282.png,-0.3852956449041328
img_283.png,0.11260875319968189
img_284.png,-0.14077259009414833
img_285.png,0.21345433362509003
img_286.png,0.1857826114304446
img_287.png,0.17737168312974672
img_288.png,-0.10313370074051831
img_289.png,0.1279156682005752
img_290.png,-0.2545803086923838
img_291.png,0.31157286109856674
img_292.png,0.420573469181742
img_293.png,-0.07153316771133289
img_294.png,0.012172586119684636
img_295.png,0.04446576356533605
img_296.png,0.37524761973523235
img_297.png,0.02952205676946662
img_298.png,0.030757365649032864
img_299.png,0.4838163822458481
img_300.png,0.2937265100741031
img_301.png,-0.23794091527139904
img_302.png,-0.018237312681673612
img_303.png,-0.062083965771836724
img_304.png,-0.44768226878143824
img_305.png,0.4676970774726945
img_306.png,-0.2761408233459035
img_307.png,-0.023976264895239963
img_308.png,-0.28078645495418064
img_309.png,0.09802943633504646
img_310.png,0.4293232192596861
img_311.png,0.21057709385307388
img_312.png,0.27407570364907485
img_313.png,-0.31840844973485394
img_314.png,0.35209572097732067
img_315.png,0.3705816611667765
img_316.png,0.1502863863948145
img_317.png,-0.30541787697587663
img_318.png,-0.25094726829375935
img_319.png,0.39578014334052936
img_320.png,-0.16730432559580877
img_321.png,0.30991729749894525
img_322.png,-0.1163924146194919
img_323.png,0.42974703895273625
img_324.png,0.09576330628530538
img_325.png,0.10694431239065527
img_326.png,-0.07135298518461775
img_327.png,-0.18099755252591265
img_328.png,0.14289256955404372
img_329.png,-0.27357714250413667
img_330.png,-0.12369983957433217
img_331.png,-0.14314381046792068
img_332.png,-0.3632490259851897
img_333.png,-0.4038848677484722
img_334.png,0.24895819919030382
img_335.png,0.30985107294974434
img_336.png,0.31619278416781427
img_337.png,-0.45408978585935267
img_338.png,0.44305980661409905
img_339.png,0.48469191404035994
img_340.png,0.27766014054603716
img_341.png,0.1820013327113772
img_342.png,-0.16872104911948005
img_343.png,-0.4277301282352194
img_344.png,-0.33954362154241535
img_345.png,-0.020590277808384405
img_346.png,-0.17376850491355122
img_347.png,-0.29570396818355027
img_348.png,0.3723825516679665
img_349.png,0.3192183839521706
img_350.png,-0.2049193254169086
img_351.png,0.11554844929017827
img_352.png,-0.35128104231290447
img_353.png,-0.24612397896905525
img_354.png,-0.19386183956527614
img_355.png,0.22461567864355214
img_356.png,0.169498227835156
img_357.png,0.4616139269321152
img_358.png,0.4567345253770896
img_359.png,0.15312419465709926
img_360.png,0.15304163308032748
img_361.png,0.49852749336921676
img_362.png,0.20049923481595555
img_363.png,0.021755571271073526
img_364.png,-0.4394863203745827
img_365.png,-0.0893269641655593
img_366.png,0.3254970622210984
img_367.png,-0.4424686761676794
img_368.png,-0.2754892690305173
img_369.png,-0.36940143388492763
img_370.png,0.46747528663151416
img_371.png,0.4782033731842483
img_372.png,-0.005507481505521716
img_373.png,-0.13254620169296294
img_374.png,-0.48875761898129255
img_375.png,0.006164262886680372
img_376.png,0.1751194312476264
img_377.png,-0.47494836239335014
img_378.png,0.308496777598796
img_379.png,0.4577112718806047
img_380.png,0.3908803072565238
img_381.png,-0.4708243752151935
img_382.png,-0.1790763300251721
img_383.png,-0.40175779779868603
img_384.png,0.47357241726867083
img_385.png,0.22624759911586412
img_386.png,0.12107473555427783
img_387.png,-0.04049863956427524
img_388.png,-0.11901812174388471
img_389.png,-0.28342332811179405
img_390.png,-0.1584194176205428
img_391.png,0.039902954051698525
img_392.png,-0.3294628382462643
img_393.png,-0.16949570995687824
img_394.png,-0.09226356580621542
img_395.png,0.368566913055252
img_396.png,-0.19663270611471761
img_397.png,-0.1321180894158781
img_398.png,-0.07455446615412609
img_399.png,0.2826827069553314
img_400.png,-0.23400806847842237
img_401.png,0.4285041325659099
img_402.png,-0.4777839620727652
img_403.png,0.2782196594533869
img_404.png,-0.3835157610564275
img_405.png,-0.4242067931823982
img_406.png,0.4741465355546438
img_407.png,-0.4576351117885282
img_408.png,-0.24932764815258734
img_409.png,-0.41866103519004716
img_410.png,-0.052701786270045736
img_411.png,0.053704008905879785
img_412.png,0.2686894597423549
img_413.png,-0.014436976831326165
img_414.png,-0.11219762893218166
img_415.png,0.15955582278530167
img_416.png,0.3104753486969202
img_417.png,-0.07047233664498076
img_418.png,-0.20637496665414667
img_419.png,0.13939240928766206
img_420.png,-0.4315036477568577
img_421.png,0.02578218689647549
img_422.png,-0.2387734275065525
img_423.png,-0.3815419574960126
img_424.png,-0.14010595775482826
img_425.png,0.20802997473020757
img_426.png,0.17192015033919317
img_427.png,-0.3449157735114854
img_428.png,0.07878558286606596
img_429.png,-0.025500953391629833
img_430.png,-0.39118706184557483
img_431.png,0.41729209754107854
img_432.png,0.05255580289761419
img_433.png,-0.4027949954196738
img_434.png,0.12342498954751702
img_435.png,0.2557700894885787
img_436.png,-0.468367907060927
img_437.png,-0.4287783009635666
img_438.png,0.1409677222315443
img_439.png,-0.2589573685888368
img_440.png,0.24751347224031384
img_441.png,-0.4943004839348132
img_442.png,-0.19955077513609165
img_443.png,-0.020172513445162354
img_444.png,0.19251290459082415
img_445.png,-0.3851970465417234
img_446.png,-0.23561154577462617
img_447.png,0.0545921675221831
img_448.png,0.023288866575422285
img_449.png,0.21229812624020317
img_450.png,-0.47949809421437417
img_451.png,-0.445633589563888
img_452.png,-0.4103486074938175
img_453.png,0.10694205600968054
img_454.png,0.22174303096228998
img_455.png,0.2782288781897909
img_456.png,-0.19913405883634305
img_457.png,-0.44317999321614776
img_458.png,0.33259282941829826
img_459.png,-0.21636705697603065
img_460.png,0.42778965863984286
img_461.png,0.30781471099862234
img_462.png,-0.11100886779972663
img_463.png,-0.2766247844185916
img_464.png,0.4657958088270371
img_465.png,-0.29363592879125433
img_466.png,-0.18929011480500846
img_467.png,0.3625898633283996
img_468.png,-0.17939494310810655
img_469.png,0.09218385179163047
img_470.png,0.34841266001151305
img_471.png,-0.047634375413483254
img_472.png,0.21333700621384322
img_473.png,-0.44487826108154116
img_474.png,-0.2972818456857541
img_475.png,0.08568211186063812
img_476.png,-0.27106990103697104
img_477.png,-0.32920990578347553
img_478.png,0.47911148706857476
img_479.png,-0.30787105816600135
img_480.png,-0.1343898044825952
img_481.png,0.4667888669607666
img_482.png,0.4432545631170218
img_483.png,-0.48271754024778313
img_484.png,-0.12021546746718448
img_485.png,0.33403749672747896
img_486.png,0.034000513669902754
img_487.png,-0.42503371024443426
img_488.png,0.1972078442009768
img_489.png,0.348321199060296
img_490.png,0.19926816067611142
img_491.png,0.3473943077076005
img_492.png,-0.39090443554999166
img_493.png,-0.31600528586217913
img_494.png,-0.001018486619261294
img_495.png,-0.16173952258609825
img_496.png,-0.07703971436501555
img_497.png,-0.22024369889906092
img_498.png,0.20899004938468912
img_499.png,0.3248640803550322
img_500.png,-0.2097799256876014
img_501.png,-0.11223866395872129
img_502.png,0.015135035744989533
img_503.png,0.05613350450555832
img_504.png,0.09711188872913346
img_505.png,0.35786248545714994
img_506.png,0.21058303106362564
img_507.png,-0.27812700458387396
img_508.png,0.2681309178780876
img_509.png,0.49088601528243647
img_510.png,-0.10893878779435606
img_511.png,0.47947592027947594
img_512.png,-0.16429131739530156
img_513.png,-0.03776174998273374
img_514.png,0.16423639737971507
img_515.png,-0.23871139112566142
img_516.png,0.3612918674144667
img_517.png,-0.3810948922351832
img_518.png,-0.08985701655984268
img_519.png,0.4291397364079136
img_520.png,0.0642122529497191
img_521.png,0.19342230336514754
img_522.png,0.372537044720719
img_523.png,0.12293456840068595
img_524.png,-0.20548775022451926
img_525.png,-0.4493064628341049
img_526.png,-0.28584390410763194
img_527.png,0.20937074218594376
img_528.png,-0.3924521652548929
img_529.png,-0.3745335433305139
img_530.png,-0.3510650597187043
img_531.png,-0.27391899773022665
img_532.png,0.2686618042524256
img_533.png,-0.17283731285331838
img_534.png,0.2075553555481916
img_535.png,0.14437906324477834
img_536.png,-0.33317985402444783
img_537.png,-0.48335151301540147
img_538.png,0.45331802212216954
img_539.png,-0.21824564851833006
img_540.png,-0.0413871751896413
img_541.png,-0.03715751615078067
img_542.png,-0.2578674622224221
img_543.png,-0.43810352049124435
img_544.png,-0.48385440186923856
img_545.png,-0.17480367979130385
img_546.png,-0.3308795448146591
img_547.png,-0.1903270028533941
img_548.png,0.3502339860391793
img_549.png,-0.41584189682492234
img_550.png,-0.354394394428184
img_551.png,0.21946999432797154
img_552.png,-0.05914607694028362
img_553.png,0.1282548127308274
img_554.png,-0.4686618451806456
img_555.png,0.38365910508639633
img_556.png,-0.2509914218370971
img_557.png,0.33854470302214235
img_558.png,-0.14271509461706477
img_559.png,0.4532661455078859
img_560.png,0.13487052221818863
img_561.png,-0.2826150514802436
img_562.png,0.4719416716939575
img_563.png,-0.4692263275007076
img_564.png,0.2526572881812811
img_565.png,-0.08228228808975724
img_566.png,0.2635517044741452
img_567.png,-0.05182990498479767
img_568.png,0.4615320542693425
img_569.png,0.2784282885484224
img_570.png,-0.43803113246859426
img_571.png,-0.42395070177433614
img_572.png,0.025269422413875642
img_573.png,0.4317001234378133
img_574.png,0.14867548671898034
img_575.png,0.272216860749642
img_576.png,0.3733951080251591
img_577.png,0.013345489097482455
img_578.png,-0.3325458338097165
img_579.png,-0.39885771664001335
img_580.png,0.16365330860567162
img_581.png,-0.15093129222899893
img_582.png,0.02382765820176369
img_583.png,-0.44281477010224213
img_584.png,0.003126042683466168
img_585.png,0.3581571379566544
img_586.png,0.05496657483198797
img_587.png,-0.4081376798040195
img_588.png,0.4706563582991825
img_589.png,0.4383575201418778
img_590.png,-0.44356242716076355
img_591.png,-0.37237536232877844
img_592.png,0.21952476094180362
img_593.png,-0.307183392670493
img_594.png,-0.1289056990674966
img_595.png,0.10064828406128246
img_596.png,-0.13187181997056374
img_597.png,0.10684354981183575
img_598.png,0.10449378272169751
img_599.png,0.11746514107656214
img_600.png,0.03259691527166275
img_601.png,0.024110157101420837
img_602.png,0.35216668211445035
img_603.png,-0.184156206532882
img_604.png,-0.4358817084708476
img_605.png,0.042049937138624816
img_606.png,-0.40035923682668995
img_607.png,0.14100974403705135
img_608.png,0.16617654479106336
img_609.png,-0.11508706300465277
img_610.png,0.07746397614927891
img_611.png,-0.1700963615215807
img_612.png,0.13477477980278907
img_613.png,-0.022553572248924736
img_614.png,0.3316686168154297
img_615.png,0.4974056467542034
img_616.png,-0.112310638492223
img_617.png,-0.14824143753052266
img_618.png,0.07363689448164112
img_619.png,-0.2587318433062208
img_620.png,0.04461698570482964
img_621.png,0.17626382968780918
img_622.png,0.3834581571952097
img_623.png,-0.1885472797258082
img_624.png,-0.4676490056623288
img_625.png,-0.08613167879683248
img_626.png,-0.3140245397523498
img_627.png,0.463021030751422
img_628.png,-0.2327694894112209
img_629.png,-0.11638584255483064
img_630.png,0.09988722153727514
img_631.png,0.22999414655646355
img_632.png,0.19838814956741746
img_633.png,-0.08764925119503386
img_634.png,0.08384570281970805
img_635.png,-0.3020393946045319
img_636.png,-0.08289533187955944
img_637.png,0.1047612079321587
img_638.png,0.2864877786054695
img_639.png,-0.08757247223256692
img_640.png,0.1763144078438037
img_641.png,-0.34691835701443063
img_642.png,0.22256749822925037
img_643.png,0.175130426939912
img_644.png,-0.39725177570859227
img_645.png,-0.332780863773694
img_646.png,0.0167552269133856
img_647.png,-0.49588957859161487
img_648.png,0.33462421758278915
img_649.png,-0.4776665525551407
img_650.png,0.07410732176629231
img_651.png,-0.11611797601388885
img_652.png,-0.43104297941009284
img_653.png,-0.053628410726182296
img_654.png,0.015532934304174018
img_655.png,0.48760271797336896
img_656.png,-0.4024871836226057
img_657.png,-0.26692447175002554
img_658.png,0.3335734949707674
img_659.png,-0.10329251316171006
img_660.png,0.05230940540660023
img_661.png,-0.4376861022891414
img_662.png,0.2156810884460938
img_663.png,-0.3640910451609045
img_664.png,-0.13334831354118826
img_665.png,-0.038579473023680144
img_666.png,0.18866365506800775
img_667.png,-0.11348263652280821
img_668.png,-0.4294860223984831
img_669.png,0.018226593597620577
img_670.png,-0.41160410410051673
img_671.png,-0.46964630594285517
img_672.png,-0.1428213140843564
img_673.png,-0.22877274462939456
img_674.png,-0.046126755006938525
img_675.png,-0.11848124933215332
img_676.png,-0.4560391052203645
img_677.png,0.1169519418308369
img_678.png,-0.29075737390386514
img_679.png,0.023787495874977416
img_680.png,0.16333775641929482
img_681.png,-0.16824068045448803
img_682.png,0.4148568280335502
img_683.png,0.04031208531767472
img_684.png,0.3473189090914911
img_685.png,0.3574032547670576
img_686.png,0.2387750049364995
img_687.png,-0.29296607659721885
img_688.png,-0.18660465159476958
img_689.png,-0.32594135966121096
img_690.png,-0.1905195620087784
img_691.png,-0.130094941101649
img_692.png,-0.43550147820241736
img_693.png,0.21948148584232607
img_694.png,-0.11029953762847045
img_695.png,0.2707381391936149
img_696.png,0.25570938214504957
img_697.png,0.42083083907585317
img_698.png,0.03007001705239354
img_699.png,0.3137276144058383
img_700.png,0.07300252336695567
img_701.png,0.4806091036592487
img_702.png,-0.16745482483244
img_703.png,0.05286443838491628
img_704.png,0.1394151576938717
img_705.png,-0.31303522356593483
img_706.png,-0.29140432759036383
img_707.png,0.38500834359640324
img_708.png,-0.13637945022177722
img_709.png,0.02198512261388641
img_710.png,0.23892037685310763
img_711.png,-0.4128709314514435
img_712.png,-0.19692879427582843
img_713.png,-0.22012903295495623
img_714.png,-0.34051100830317593
img_715.png,0.12330716232823968
img_716.png,0.4885112382554708
img_717.png,0.0199328225726203
img_718.png,0.30184960713019615
img_719.png,-0.42325421237000627
img_720.png,0.3791086038551611
img_721.png,0.27497596363737054
img_722.png,-0.023750618114664612
img_723.png,0.31529985554814177
img_724.png,0.1354926994419754
img_725.png,-0.25659127444656327
img_726.png,0.28318209249395065
img_727.png,-0.23585712708821005
img_728.png,0.23472610872838007
img_729.png,0.3675244632373683
img_730.png,0.32082635716693697
img_731.png,0.19053512415772844
img_732.png,-0.1813460693133927
img_733.png,0.25716469652696694
img_734.png,-0.38803732650324096
img_735.png,-0.4787598022824323
img_736.png,0.0885169097507249
img_737.png,0.030036361915267817
img_738.png,-0.48577346256054643
img_739.png,-0.27289614609892066
img_740.png,-0.08671813558897923
img_741.png,0.131312191214923
img_742.png,0.2369520039489753
img_743.png,-0.41672190081037785
img_744.png,0.06795235855785942
img_745.png,-0.43321411806536614
img_746.png,-0.4641224923066335
img_747.png,0.45400657612157513
img_748.png,-0.204607211697315
img_749.png,0.40203230036870885
img_750.png,-0.1727875249868539
img_751.png,-0.3079494306177273
img_752.png,-0.44757115440496753
img_753.png,0.48044555990761273
img_754.png,-0.11750160765645279
img_755.png,0.13206555042612333
img_756.png,0.3299688236561884
img_757.png,-0.10998416494689878
img_758.png,0.29003328180813714
img_759.png,0.18507585990135367
img_760.png,0.4664485283426649
img_761.png,0.4716973741713819
img_762.png,-0.4589874704925293
img_763.png,0.4605118334528321
img_764.png,0.08617924469217209
img_765.png,-0.13076638401444607
img_766.png,0.27202271574257353
img_767.png,-0.3514079512115631
img_768.png,0.08762329865222496
img_769.png,0.4176282189555379
img_770.png,0.4540102727897035
img_771.png,0.2190288524258014
img_772.png,0.403354946895087
img_773.png,0.43141892760440426
img_774.png,-0.46131483181946864
img_775.png,-0.39374963555367815
img_776.png,-0.40204429111084683
img_777.png,-0.28550255054337625
img_778.png,0.26601761317029193
img_779.png,0.15197860036871425
img_780.png,0.16755225900398862
img_781.png,0.20837316634990932
img_782.png,0.002806821891364275
img_783.png,0.2217541690336432
img_784.png,-0.29378050737496486
img_785.png,-0.46391889134982633
img_786.png,-0.07365088536362951
img_787.png,0.36111480564306564
img_788.png,0.25234214789073695
img_789.png,0.3252479448736407
img_790.png,-0.4767646304432964
img_791.png,0.24861697954467277
img_792.png,-0.13345452626794263
img_793.png,0.37868914205325444
img_794.png,0.3729888375050209
img_795.png,0.03728602861546393
img_796.png,0.11432955421669744
img_797.png,-0.13703757173031217
img_798.png,-0.06195985419515537
img_799.png,-0.22621065222887704
img_800.png,-0.21963007297445003
img_801.png,-0.26954348981988063
img_802.png,0.27814741318648806
img_803.png,0.03482410889186249
img_804.png,-0.4596141016280355
img_805.png,0.31501293806276054
img_806.png,-0.20468427637171527
img_807.png,-0.3714667733176482
img_808.png,0.14094157774728933
img_809.png,-0.1594355493464259
img_810.png,-0.061865479673147594
img_811.png,-0.19530210706940798
img_812.png,-0.4797283462935209
img_813.png,-0.32876354499741545
img_814.png,-0.3614688234146678
img_815.png,0.194254786082648
img_816.png,-0.38029194861577
img_817.png,-0.45068493503454476
img_818.png,-0.2826881293796134
img_819.png,-0.3335650789040545
img_820.png,0.3260667613578633
img_821.png,-0.04896374981299312
img_822.png,-0.24935315091943844
img_823.png,0.23055245689587278
img_824.png,0.3452652199470193
img_825.png,0.028308203964005352
img_826.png,-0.3437175479033492
img_827.png,-0.3792662419028495
img_828.png,0.08212335694635053
img_829.png,0.005062270727079765
img_830.png,0.023644197599419936
img_831.png,-0.25201524448426826
img_832.png,0.45611676533087075
img_833.png,-0.48776041999456254
img_834.png,0.014036162943089736
img_835.png,-0.3380717051402077
img_836.png,0.0838753376898449
img_837.png,0.09331028429883081
img_838.png,0.17786102865116127
img_839.png,-0.1375134166002091
img_840.png,0.009268204922469492
img_841.png,0.04362474883717615
img_842.png,0.37478620538075014
img_843.png,-0.47783528708314515
img_844.png,-0.3529431645381462
img_845.png,0.34617257580513505
img_846.png,-0.28188289349759943
img_847.png,0.28153117074821843
img_848.png,0.4264215203684908
img_849.png,-0.14722924880018262
img_850.png,0.08459994079379751
img_851.png,-0.1741955427645736
img_852.png,-0.012460362192828645
img_853.png,-0.16000975247025295
img_854.png,0.3657925872455575
img_855.png,-0.4023819148374572
img_856.png,0.017189391435682877
img_857.png,0.19217122241807727
img_858.png,-0.09772930445378958
img_859.png,0.015994860800967015
img_860.png,0.04330048440928835
img_861.png,0.14096155514172004
img_862.png,-0.36968978532744945
img_863.png,0.2609942925782268
img_864.png,0.36735937004088326
img_865.png,-0.05689712226044885
img_866.png,0.38651811706853223
img_867.png,0.35886408637890976
img_868.png,-0.39360983722886944
img_869.png,0.17419293866922525
img_870.png,-0.0013399731437770956
img_871.png,0.29956937702133357
img_872.png,0.2954341970605301
img_873.png,-0.4481179765540414
img_874.png,0.10652986972890921
img_875.png,0.16532759978300027
img_876.png,-0.32452207215704876
img_877.png,-0.16877500108267096
img_878.png,0.016124851309163746
img_879.png,0.06916958856520938
img_880.png,-0.19572414959866424
img_881.png,0.002076982760535251
img_882.png,-0.26966453360491394
img_883.png,-0.008551504164610813
img_884.png,-0.3151168605308088
img_885.png,0.4060598495164074
img_886.png,-0.06732723339705371
img_887.png,-0.40222607148503564
img_888.png,-0.25988848959155275
img_889.png,-0.39175504592518373
img_890.png,0.25996532467819355
img_891.png,0.2895250865434762
img_892.png,-0.1800259560347951
img_893.png,-0.15267479108976179
img_894.png,-0.4235202023868899
img_895.png,-0.382427561944203
img_896.png,-0.28966953789387573
img_897.png,0.4305701376038903
img_898.png,0.19606671164339562
img_899.png,-0.023552749111226845
img_900.png,0.23057980666132538
img_901.png,0.3953984771857444
img_902.png,-0.17683070716014093
img_903.png,0.23068597383878242
img_904.png,-0.06022146084680968
img_905.png,-0.45396056536615426
img_906.png,0.04496187134768925
img_907.png,-0.16433009537104393
img_908.png,0.16474025259287328
img_909.png,-0.25856849355073686
img_910.png,-0.2137288797664917
img_911.png,0.14476680885181803
img_912.png,0.03626286478231777
img_913.png,0.1664107255140509
img_914.png,-0.4517409613284705
img_915.png,0.35482337953848186
img_916.png,0.27609494363980436
img_917.png,-0.1900950197481761
img_918.png,-0.2449138926070058
img_919.png,-0.063766645158571
img_920.png,-0.4898576300412386
img_921.png,-0.4010538877825566
img_922.png,-0.43607133725149116
img_923.png,-0.27808137079246287
img_924.png,0.09148145662459473
img_925.png,-0.40091766903028037
img_926.png,-0.1755710380432316
img_927.png,0.24957231840166916
img_928.png,-0.3307666037077698
img_929.png,0.4929071643001637
img_930.png,0.07094792763027835
img_931.png,0.1146229891532975
img_932.png,-0.005569982381650074
img_933.png,-0.3491422951757154
img_934.png,-0.44854989437845383
img_935.png,0.1692118073617509
img_936.png,0.26747372010548964
img_937.png,0.05972472566181408
img_938.png,-0.20459260612934027
img_939.png,-0.11002332182347796
img_940.png,-0.04514300596708187
img_941.png,0.2743280006118729
img_942.png,0.24464722059009836
img_943.png,0.47022178742254794
img_944.png,0.38066393243155405
img_945.png,0.059002673101691605
img_946.png,0.3405807424952201
img_947.png,-0.24449089749045982
img_948.png,0.08613914292898495
img_949.png,0.4232322022178344
img_950.png,0.09976015094992308
img_951.png,0.3979203171066581
img_952.png,-0.1670584410003394
img_953.png,-0.20647867341547899
img_954.png,0.28863662608724705
img_955.png,-0.18169938211068148
img_956.png,0.3291054967240141
img_957.png,-0.46125542289906185
img_958.png,0.4358085867288435
img_959.png,0.2132436316914872
img_960.png,0.10898519088860692
img_961.png,-0.46197449633728915
img_962.png,0.08152228330126088
img_963.png,-0.19831042946144717
img_964.png,-0.29473943149771387
img_965.png,-0.13836800348687628
img_966.png,-0.4262737431827326
img_967.png,-0.015644653028098476
img_968.png,-0.43589192458821213
img_969.png,0.4961167979762032
img_970.png,-0.4862736813347176
img_971.png,0.1120620791211363
img_972.png,0.4543963562267418
img_973.png,-0.3644288035500578
img_974.png,0.43832685001881755
img_975.png,-0.26050924521425756
img_976.png,0.3705145043901893
img_977.png,0.2831664880960171
img_978.png,0.09118798359418379
img_979.png,0.47147110148427185
img_980.png,0.3388052787503808
img_981.png,0.48701432532302846
img_982.png,-0.31674303557157146
img_983.png,-0.47545186169491116
img_984.png,0.24004339134573893
img_985.png,0.21980208922375088
img_986.png,0.3973737373102747
img_987.png,0.4719586502869253
img_988.png,-0.031712029597937175
img_989.png,-0.12383394073674425
img_990.png,-0.09341938642528425
img_991.png,0.451449177191823
img_992.png,0.32876671469877583
img_993.png,0.08736546734790618
img_994.png,0.024321174082404307
img_995.png,0.49913386363566536
img_996.png,0.2704115917391191
img_997.png,0.4219538792295384
img_998.png,-0.45569946257136895
img_999.png,-0.22911303759966384
img_1000.png,-0.38793753452682367
img_1001.png,-0.03055211076258979
img_1002.png,-0.19182780274152067
img_1003.png,-0.3251213627079491
img_1004.png,-0.24159965151404839
img_1005.png,0.11726609499050766
img_1006.png,-0.4634251056981601
img_1007.png,0.01925127115188696
img_1008.png,-0.20670207043607158
img_1009.png,-0.26461030788477824
img_1010.png,-0.4271662402686077
img_1011.png,0.4249494685660553
img_1012.png,0.12525586002824474
img_1013.png,-0.05487738590750946
img_1014.png,0.31805521255147173
img_1015.png,0.484213188994696
img_1016.png,0.30167874003029926
img_1017.png,0.42333136854400943
img_1018.png,0.44665311641651884
img_1019.png,0.38889710302362
img_1020.png,-0.352729506861832
img_1021.png,-0.2727905220098077
img_1022.png,-0.15734447678930674
img_1023.png,0.2723496958877859
img_1024.png,-0.10929694356496489
img_1025.png,-0.0561239853199349
img_1026.png,0.1507480875095607
img_1027.png,0.041916122656464716
img_1028.png,0.03941425855762992
img_1029.png,-0.34338046555553003
img_1030.png,0.04553498353880181
img_1031.png,-0.3912240490930198
img_1032.png,0.11761149821810812
img_1033.png,-0.13315100533340019
img_1034.png,-0.4260903980501354
img_1035.png,0.13908452056253962
img_1036.png,-0.49047740433921094
img_1037.png,-0.343562757903602
img_1038.png,-0.23707450765264826
img_1039.png,-0.3881374986317586
img_1040.png,0.3105795085291576
img_1041.png,0.20491769207270538
img_1042.png,0.4271528983670786
img_1043.png,0.14842135754732455
img_1044.png,0.024062287789479497
img_1045.png,0.4094852593487113
img_1046.png,0.10914032959699271
img_1047.png,-0.18071539564613093
img_1048.png,0.2716361233783856
img_1049.png,-0.12932448082805115
img_1050.png,-0.45333886843040727
img_1051.png,0.49485827663145854
img_1052.png,0.0700008058002688
img_1053.png,-0.26500376120718416
img_1054.png,0.22735595076798976
img_1055.png,0.19630186519860515
img_1056.png,0.1864211242095427
img_1057.png,0.347155326456429
img_1058.png,0.4831550158897139
img_1059.png,-0.4218604743993014
img_1060.png,0.2500217162728765
img_1061.png,-0.3980028819980582
img_1062.png,0.3162939173316017
img_1063.png,0.23379277794611653
img_1064.png,0.449914622553917
img_1065.png,-0.310059686074149
img_1066.png,-0.4571369552043669
img_1067.png,-0.12005408448838839
img_1068.png,0.15119681760136128
img_1069.png,-0.1534512170835748
img_1070.png,0.308381175683906
img_1071.png,-0.08497152521210849
img_1072.png,0.3526362630590997
img_1073.png,0.011638789918887338
img_1074.png,0.27505978519110985
img_1075.png,-0.27681981816117196
img_1076.png,0.16714789973092425
img_1077.png,0.19170433738866077
img_1078.png,0.10251241050847504
img_1079.png,0.008547263666459415
img_1080.png,-0.19066799566696369
img_1081.png,0.2059393697030697
img_1082.png,-0.32284316831616655
img_1083.png,0.41184426542422736
img_1084.png,-0.43512448516252944
img_1085.png,0.19112623417940944
img_1086.png,-0.043937115607972865
img_1087.png,0.49225963290713326
img_1088.png,-0.3183761860467076
img_1089.png,0.4728782603645356
img_1090.png,0.16909403312460936
img_1091.png,-0.005815023849806145
img_1092.png,0.12329622751863745
img_1093.png,0.23848631173949397
img_1094.png,-0.04160008825792805
img_1095.png,-0.08675009048440341
img_1096.png,0.4818833292161534
img_1097.png,0.39859806233288597
img_1098.png,-0.45904282151161246
img_1099.png,-0.4009097590868633
img_1100.png,-0.0865845600458971
img_1101.png,-0.2967959066424497
img_1102.png,0.44424804872081913
img_1103.png,-0.22083825593519035
img_1104.png,0.3894513064732844
img_1105.png,-0.43035610491855225
img_1106.png,-0.2561912486543133
img_1107.png,-0.42574411263861756
img_1108.png,-0.24647297889933661
img_1109.png,0.034120785986142876
img_1110.png,0.36965204499567783
img_1111.png,-0.46371756083122284
img_1112.png,0.09573200362187184
img_1113.png,-0.48722643501303275
img_1114.png,0.09164744159910032
img_1115.png,-0.11274959409879204
img_1116.png,-0.2451990118288151
img_1117.png,0.020492800578147063
img_1118.png,0.12147158694821447
img_1119.png,-0.1750432935806906
img_1120.png,-0.376388209275193
img_1121.png,0.06411022800577415
img_1122.png,0.44295602056325123
img_1123.png,0.1424516571711667
img_1124.png,-0.3072141178087521
img_1125.png,0.09010335067998343
img_1126.png,-0.3786413412990628
img_1127.png,-0.21706908489049226
img_1128.png,-0.11393215747856544
img_1129.png,0.31368526647960493
img_1130.png,-0.4276594996831412
img_1131.png,0.49922412377857694
img_1132.png,0.28172579585619684
img_1133.png,0.33024137603028336
img_1134.png,0.1666285239294879
img_1135.png,-0.12868695401763353
img_1136.png,0.1295331017877963
img_1137.png,0.2997158465038955
img_1138.png,-0.12551182740930433
img_1139.png,-0.32203125841493907
img_1140.png,0.22242084279606167
img_1141.png,0.46926925177592405
img_1142.png,0.06201461124213481
img_1143.png,-0.2312494825364655
img_1144.png,-0.4145563854862606
img_1145.png,0.04039410063552196
img_1146.png,0.04988719971132538
img_1147.png,-0.07567605130287858
img_1148.png,0.20949037479011523
img_1149.png,0.49735995201793104
img_1150.png,-0.21746984048517115
img_1151.png,-0.366592414570555
img_1152.png,0.0017988557547042872
img_1153.png,0.3352330402028768
img_1154.png,-0.31095459401643355
img_1155.png,-0.0300113849305641
img_1156.png,-0.4946304266988586
img_1157.png,-0.3950066233916856
img_1158.png,0.3411554058291695
img_1159.png,-0.1370716144769436
img_1160.png,-0.457911954000948
img_1161.png,0.31149371407876314
img_1162.png,0.25216156911209997
img_1163.png,-0.06349604863014979
img_1164.png,-0.4570334672209534
img_1165.png,-0.46858457684381116
img_1166.png,0.18707604869027106
img_1167.png,0.4806319736222582
img_1168.png,0.12211714019943287
img_1169.png,0.18582513912174137
img_1170.png,-0.4062203476129358
img_1171.png,-0.11005025791935341
img_1172.png,0.011811108519360625
img_1173.png,-0.06982454196197152
img_1174.png,-0.30327915010122564
img_1175.png,0.08336785177061978
img_1176.png,0.033733250704402584
img_1177.png,-0.4912458982525387
img_1178.png,0.08268895436477686
img_1179.png,-0.40593765438880325
img_1180.png,0.007647615409918651
img_1181.png,0.22276395711022134
img_1182.png,-0.11421244081274051
img_1183.png,-0.46865023533925176
img_1184.png,0.11550070249776134
img_1185.png,0.2562850490448515
img_1186.png,0.2939462224590338
img_1187.png,0.48600769038688973
img_1188.png,-0.07370550190511482
img_1189.png,-0.37022280576163313
img_1190.png,0.2039676130769308
img_1191.png,0.29754604372986715
img_1192.png,-0.27248112823092374
img_1193.png,-0.3634775169525044
img_1194.png,0.0654665623315609
img_1195.png,-0.44207492563940354
img_1196.png,-0.4916172140896695
img_1197.png,0.4205607174875372
img_1198.png,0.26729661811277594
img_1199.png,0.030641564318990677
img_1200.png,0.21233897336522678
img_1201.png,-0.22931591124932793
img_1202.png,-0.37841357502119766
img_1203.png,0.00040235010952094363
img_1204.png,0.19141989252021163
img_1205.png,-0.39104455523481096
img_1206.png,0.4430308169968905
img_1207.png,-0.10799079337932993
img_1208.png,-0.42529996520009583
img_1209.png,-0.16077168230317151
img_1210.png,-0.04724078136049237
img_1211.png,-0.32168654507834926
img_1212.png,-0.43292491071039496
img_1213.png,-0.43894145270412555
img_1214.png,0.4923901373888322
img_1215.png,-0.06673013471755218
img_1216.png,-0.2324610889170129
img_1217.png,0.33939511279956525
img_1218.png,-0.15739267010524371
img_1219.png,0.1810328622561207
img_1220.png,-0.014042534134750317
img_1221.png,0.10067960594081371
img_1222.png,-0.4732036936185018
img_1223.png,0.013484260354097222
img_1224.png,0.37741324267389864
img_1225.png,0.22828430181369264
img_1226.png,0.15744210127606406
img_1227.png,0.3286143249422887
img_1228.png,0.03196998825143038
img_1229.png,0.18173133955860776
img_1230.png,-0.4974424946863585
img_1231.png,0.008137866206590072
img_1232.png,-0.0181935451629629
img_1233.png,-0.2864905291390972
img_1234.png,0.33902843694777596
img_1235.png,-0.41035161753193516
img_1236.png,-0.1072603903598559
img_1237.png,-0.08515710423281697
img_1238.png,0.28758413792268467
img_1239.png,0.1528648885119437
img_1240.png,-0.06730693223736173
img_1241.png,0.2864478272721661
img_1242.png,0.46035487650078133
img_1243.png,0.11311882436762466
img_1244.png,0.48361226971633864
img_1245.png,-0.277917439079053
img_1246.png,0.1515885217541244
img_1247.png,0.3240229882755117
img_1248.png,0.39608102349108854
img_1249.png,-0.4282176717877668
img_1250.png,0.1533636313759945
img_1251.png,-0.07973317547225955
img_1252.png,0.4366317435918563
img_1253.png,0.2787238693744104
img_1254.png,-0.056257899470877004
img_1255.png,0.1685667112196867
img_1256.png,-0.06287623593665803
img_1257.png,0.309316350532963
img_1258.png,-0.2620809776668147
img_1259.png,0.2689261201197679
img_1260.png,0.08923463144201016
img_1261.png,-0.4779594733345979
img_1262.png,-0.09469158501760933
img_1263.png,0.39509989543743373
img_1264.png,-0.3641957454167527
img_1265.png,0.49376634646220297
img_1266.png,-0.4498211059123145
img_1267.png,0.4510391444855596
img_1268.png,-0.26419594832517757
img_1269.png,-0.20530561965915917
img_1270.png,0.18083030007606604
img_1271.png,-0.4193316139925136
img_1272.png,0.4429992021957927
img_1273.png,0.3155199630636695
img_1274.png,-0.330307829337788
img_1275.png,0.4716366995863791
img_1276.png,-0.3305994793963626
img_1277.png,0.11701126871303646
img_1278.png,0.36810631688972095
img_1279.png,0.35336976088344185
img_1280.png,0.24698606216268926
img_1281.png,0.4974173672974892
img_1282.png,-0.4603598547709965
img_1283.png,0.07963729862566593
img_1284.png,-0.08159441928382805
img_1285.png,0.2805733176576305
img_1286.png,-0.27275002829618844
img_1287.png,-0.38155072961699754
img_1288.png,-0.43783544199619784
img_1289.png,-0.2749885735281815
img_1290.png,0.20360395169796408
img_1291.png,0.11988201595216064
img_1292.png,-0.1472827120051854
img_1293.png,0.03155872707101326
img_1294.png,0.3520288475542279
img_1295.png,-0.4388673664476098
img_1296.png,-0.08506406806311884
img_1297.png,-0.058652825687057875
img_1298.png,0.26267896449826944
img_1299.png,-0.2863325130844786
img_1300.png,-0.2389968382845552
img_1301.png,0.08593349194955646
img_1302.png,-0.4569213413465426
img_1303.png,0.14911441735586428
img_1304.png,-0.42014799639400546
img_1305.png,0.015072849966177526
img_1306.png,0.49875368648758367
img_1307.png,0.20712579466183756
img_1308.png,-0.07409707679203081
img_1309.png,-0.44137275655389185
img_1310.png,-0.0959660746829657
img_1311.png,-0.38522596356893224
img_1312.png,-0.41699802020550236
img_1313.png,-0.009386958024613645
img_1314.png,0.2876796805334588
img_1315.png,0.17708145152538812
img_1316.png,0.15145052461939135
img_1317.png,-0.29638609600233135
img_1318.png,-0.04701657408313997
img_1319.png,-0.09757786706740079
img_1320.png,-0.04381638118212827
img_1321.png,-0.4991554669157282
img_1322.png,0.31876448426032145
img_1323.png,0.3054607261708939
img_1324.png,0.13903188925599697
img_1325.png,-0.39184564758734763
img_1326.png,-0.4159541521253579
img_1327.png,-0.415081635055228
img_1328.png,0.3266064338081973
img_1329.png,-0.2191049055694425
img_1330.png,-0.21791050068670914
img_1331.png,0.18666167886053042
img_1332.png,-0.19237846718465323
img_1333.png,0.26486590530550813
img_1334.png,0.05361577964804065
img_1335.png,0.35395177155399904
img_1336.png,0.4901750713831715
img_1337.png,0.2721409428612913
img_1338.png,0.05423587653561024
img_1339.png,-0.26968975759915825
img_1340.png,0.36906469200975167
img_1341.png,-0.22619860878148834
img_1342.png,0.11406870511714118
img_1343.png,-0.4217160461544551
img_1344.png,-0.35552090867951525
img_1345.png,-0.29121915016365363
img_1346.png,-0.32695654092702675
img_1347.png,0.2470291984104398
img_1348.png,0.38062300356860523
img_1349.png,-0.0375772860644914
img_1350.png,-0.24384434754272788
img_1351.png,-3.0746676455195576e-05
img_1352.png,-0.4553876991610629
img_1353.png,0.386361997650122
img_1354.png,0.352496219124783
img_1355.png,0.11431722853309045
img_1356.png,-0.29832885520606367
img_1357.png,0.11567589400116218
img_1358.png,0.00907699796576067
img_1359.png,-0.05605587354292707
img_1360.png,-0.0545036435839118
img_1361.png,0.3058240547514003
img_1362.png,0.15013761754667687
img_1363.png,-0.2758203825975254
img_1364.png,0.20536994403262687
img_1365.png,-0.4234426752107745
img_1366.png,0.3068165882367294
img_1367.png,-0.10297046910370433
img_1368.png,-0.0013195300435974167
img_1369.png,-0.35700548622532147
img_1370.png,-0.23096860912629458
img_1371.png,-0.14239422601815854
img_1372.png,-0.1912608839975185
img_1373.png,0.423446282797614
img_1374.png,-0.2647133353543615
img_1375.png,-0.3801118233905806
img_1376.png,-0.4958061310171702
img_1377.png,-0.3042991213097399
img_1378.png,0.30101791437157266
img_1379.png,0.3740929269819183
img_1380.png,-0.02605196827638845
img_1381.png,-0.42316518514502177
img_1382.png,0.47724995723075536
img_1383.png,0.20713162970664523
img_1384.png,-0.06085547063865504
img_1385.png,-0.096268493631958
img_1386.png,0.12054306958737548
img_1387.png,0.11927100788987088
img_1388.png,0.18061462415374407
img_1389.png,-0.199892665810673
img_1390.png,0.4106958705756577
img_1391.png,0.08176025821589927
img_1392.png,0.01859313512616989
img_1393.png,-0.35436484079185027
img_1394.png,-0.4615973452951251
img_1395.png,-0.2599310491789486
img_1396.png,0.20977238483387983
img_1397.png,0.28129345500601766
img_1398.png,-0.24723108703274277
img_1399.png,0.08613553782622407
img_1400.png,0.47087480271386317
img_1401.png,0.42338577440609504
img_1402.png,-0.38238572023618855
img_1403.png,0.13343113063223122
img_1404.png,-0.4895202643830753
img_1405.png,-0.3805070601502054
img_1406.png,-0.09981454768735787
img_1407.png,-0.22643681236227553
img_1408.png,-0.0027228928047575707
img_1409.png,0.09623042331547438
img_1410.png,0.42144686570532564
img_1411.png,-0.4121051232018518
img_1412.png,-0.020830863087679452
img_1413.png,-0.012088176982005816
img_1414.png,0.07247892055925265
img_1415.png,-0.15824717264247246
img_1416.png,0.33174280204974393
img_1417.png,0.08236602132038506
img_1418.png,-0.28781265336210926
img_1419.png,0.2138999554056692
img_1420.png,0.1587028946885949
img_1421.png,0.4122572911545912
img_1422.png,-0.28998966354047606
img_1423.png,-0.1077956012162744
img_1424.png,-0.2454349956579701
img_1425.png,0.3108778359200235
img_1426.png,-0.14102381875513847
img_1427.png,0.4350735101784643
img_1428.png,0.08123414248300853
img_1429.png,0.24762428119176427
img_1430.png,-0.10105020332513492
img_1431.png,-0.43705001889098216
img_1432.png,0.21881425705344204
img_1433.png,-0.2001895644649112
img_1434.png,-0.10648261456858832
img_1435.png,-0.07693932216472787
img_1436.png,-0.36422133181405636
img_1437.png,0.4055331159310769
img_1438.png,-0.3287075588218277
img_1439.png,0.47652739865473714
img_1440.png,0.4361844511574454
img_1441.png,-0.31310501746079056
img_1442.png,-0.33762328104723494
img_1443.png,-0.08635896823276934
img_1444.png,-0.2532474547465702
img_1445.png,-0.48877246936689
img_1446.png,0.16273856614563365
img_1447.png,0.4682247452545307
img_1448.png,-0.45827709350581813
img_1449.png,0.3222840168993608
img_1450.png,0.355525438272944
img_1451.png,0.2533019958449334
img_1452.png,-0.04133868240491967
img_1453.png,-0.3998885814622456
img_1454.png,-0.37888630167157045
img_1455.png,0.28316782301550014
img_1456.png,-0.2233160464486592
img_1457.png,0.42429795720924357
img_1458.png,0.2696422481484294
img_1459.png,0.13967404292182306
img_1460.png,-0.27170439383723877
img_1461.png,0.18619318700392995
img_1462.png,0.26832555486220133
img_1463.png,0.3056630080657169
img_1464.png,0.4468647022864789
img_1465.png,-0.13294503165134186
img_1466.png,0.4261340802169231
img_1467.png,-0.3389073149609031
img_1468.png,-0.47360009272079917
img_1469.png,-0.2890037290881653
img_1470.png,0.3838734557267899
img_1471.png,0.23477894764176455
img_1472.png,-0.12904118972646428
img_1473.png,0.2859661229802357
img_1474.png,-0.33287127550725437
img_1475.png,0.060612566271463164
img_1476.png,0.1969071776146486
img_1477.png,0.31691943552935975
img_1478.png,0.1819562651218104
img_1479.png,-0.2748401637234381
img_1480.png,-0.21212706892960564
img_1481.png,0.45765171201813204
img_1482.png,-0.2858373668226346
img_1483.png,-0.1862001261240811
img_1484.png,0.19457330312303123
img_1485.png,-0.05221439716065224
img_1486.png,0.06278202384094822
img_1487.png,-0.478573961282467
img_1488.png,-0.3894121157016275
img_1489.png,-0.007657849081159851
img_1490.png,0.04227670233709768
img_1491.png,0.4887377016354366
img_1492.png,0.3184065099341744
img_1493.png,-0.4079352819399823
img_1494.png,0.2998757106830199
img_1495.png,-0.4257717805886583
img_1496.png,0.17705900792109075
img_1497.png,0.04270287771732406
img_1498.png,-0.019439088292821927
img_1499.png,-0.49139753673620534
img_1500.png,-0.15451636916874978
img_1501.png,0.06321583521038487
img_1502.png,0.13109407869838496
img_1503.png,-0.21546880733653617
img_1504.png,-0.4325556892084962
img_1505.png,-0.4801670360870315
img_1506.png,0.10209399918125162
img_1507.png,0.28437530662720345
img_1508.png,0.04742185253729392
img_1509.png,-0.00010845222614364047
img_1510.png,0.4733985019293495
img_1511.png,0.4907524960275521
img_1512.png,-0.48938076863112967
img_1513.png,0.046900112693459506
img_1514.png,0.444028619608293
img_1515.png,0.18714550673239783
img_1516.png,-0.44825987690243685
img_1517.png,-0.05718099870356974
img_1518.png,-0.025140030766094612
img_1519.png,0.248524979651912
img_1520.png,0.2384194742274215
img_1521.png,-0.3745727674724143
img_1522.png,-0.3078883127425882
img_1523.png,-0.024208509637976383
img_1524.png,-0.08858769467646344
img_1525.png,0.2602415632249292
img_1526.png,0.30795857503916135
img_1527.png,0.18454204016338915
img_1528.png,0.38268867530956674
img_1529.png,0.4433476208666325
img_1530.png,-0.1239627522875344
img_1531.png,-0.10299369782263668
img_1532.png,0.450268141618794
img_1533.png,-0.12466871637502819
img_1534.png,-0.19669338248393398
img_1535.png,-0.33585961285762767
img_1536.png,-0.13485179462378272
img_1537.png,0.05649626268213892
img_1538.png,0.45163740403695574
img_1539.png,-0.37829508657420874
img_1540.png,0.24359578533902293
img_1541.png,-0.2198773292982097
img_1542.png,0.10173185620044822
img_1543.png,0.3790254630510349
img_1544.png,-0.157135039075171
img_1545.png,-0.49969398908507767
img_1546.png,0.45047735680582845
img_1547.png,-0.13191352674629364
img_1548.png,0.1860576076435254
img_1549.png,-0.170444327301692
img_1550.png,0.11289346872162453
img_1551.png,-0.1949766632696427
img_1552.png,-0.48196007425207665
img_1553.png,-0.39811830270026893
img_1554.png,0.4328263257882259
img_1555.png,-0.11698215188617034
img_1556.png,0.2040274207351096
img_1557.png,-0.30260203352989445
img_1558.png,0.4512833364534583
img_1559.png,0.24658955848490338
img_1560.png,-0.09760037323039727
img_1561.png,-0.2855976182482092
img_1562.png,-0.28180886112241077
img_1563.png,0.06343399609965117
img_1564.png,-0.3088504166024457
img_1565.png,0.1471899385487908
img_1566.png,-0.4084004113666976
img_1567.png,-0.36490297640850533
img_1568.png,0.2595787639156887
img_1569.png,0.2551158320885968
img_1570.png,-0.472978339208438
img_1571.png,0.2872988101149587
img_1572.png,0.35483488459100554
img_1573.png,-0.2029080850521584
img_1574.png,-0.13767245484045953
img_1575.png,0.03273982940155584
img_1576.png,0.49410126237639074
img_1577.png,-0.3672033381599976
img_1578.png,-0.2464524905318104
img_1579.png,-0.2378656976144482
img_1580.png,0.488598440314307
img_1581.png,-0.023882674228435263
img_1582.png,0.39750996950945483
img_1583.png,0.3534713443054881
img_1584.png,-0.2820085063597749
img_1585.png,0.43226498639209043
img_1586.png,-0.43289247654180163
img_1587.png,-0.13362946532453746
img_1588.png,0.16754683278038374
img_1589.png,0.1934740316311756
img_1590.png,0.22935584959764732
img_1591.png,-0.40744582970784493
img_1592.png,-0.05213204391509563
img_1593.png,0.2838550053318982
img_1594.png,-0.4040387385733005
img_1595.png,0.48426726120386043
img_1596.png,0.03690135114834936
img_1597.png,-0.01630478344833919
img_1598.png,-0.4134978952654482
img_1599.png,0.26301864150709686
img_1600.png,0.08335247704732496
img_1601.png,0.4301648091212611
img_1602.png,-0.12725175361709784
img_1603.png,0.11979045477954386
img_1604.png,0.30806221768346476
img_1605.png,-0.1868581221996889
img_1606.png,-0.044935663196120634
img_1607.png,-0.4200072950087226
img_1608.png,0.046526825720589526
img_1609.png,0.3060843271423138
img_1610.png,0.4367649289935275
img_1611.png,0.38954201848700387
img_1612.png,0.40042239378982214
img_1613.png,0.49961277071899857
img_1614.png,0.008884773113474576
img_1615.png,-0.3320851612808776
img_1616.png,0.37749516711404507
img_1617.png,0.021925091844464006
img_1618.png,0.2227422169753842
img_1619.png,-0.44298384871628116
img_1620.png,0.3678571207068696
img_1621.png,-0.4374110285116396
img_1622.png,0.16344362870738005
img_1623.png,0.07908464321006248
img_1624.png,-0.04126306737770791
img_1625.png,-0.3143539784508361
img_1626.png,-0.04990800202937118
img_1627.png,0.06115666335800751
img_1628.png,0.12023959792661854
img_1629.png,0.1718588502695536
img_1630.png,0.45224752586861805
img_1631.png,-0.00980778195998011
img_1632.png,0.43721360939889964
img_1633.png,-0.09376755192161634
img_1634.png,0.37162058687523747
img_1635.png,-0.4518026992625438
img_1636.png,0.3141964267363958
img_1637.png,0.097178169638517
img_1638.png,-0.16852107333642363
img_1639.png,-0.48340008216910046
img_1640.png,0.10924034118711778
img_1641.png,-0.2335672952134069
img_1642.png,0.45619374936875623
img_1643.png,-0.2644792390578341
img_1644.png,0.28751241025835983
img_1645.png,0.2925694904129098
img_1646.png,-0.4096072949943461
img_1647.png,0.01438945048099971
img_1648.png,0.1576048713793332
img_1649.png,-0.2257894935667467
img_1650.png,-0.48132982117527456
img_1651.png,0.31939470792994007
img_1652.png,0.14331742541728
img_1653.png,-0.483603244873556
img_1654.png,0.2970897412910447
img_1655.png,0.12234819417040343
img_1656.png,-0.015074317247631419
img_1657.png,-0.053596929492591094
img_1658.png,0.052072312500057616
img_1659.png,0.04996370263038208
img_1660.png,-0.34247361261503173
img_1661.png,0.42504820642443164
img_1662.png,0.49826151986515943
img_1663.png,0.03737366282613441
img_1664.png,0.29276788526777664
img_1665.png,0.00081276245719486
img_1666.png,0.24877257737473646
img_1667.png,0.26362877774443483
img_1668.png,-0.3453551681332002
img_1669.png,-0.14175972303490092
img_1670.png,-0.29736542909877506
img_1671.png,-0.2805895045444773
img_1672.png,-0.040688780559565374
img_1673.png,-0.43318674414056846
img_1674.png,-0.35346316465373884
img_1675.png,0.2078103518271326
img_1676.png,0.4166070636676522
img_1677.png,0.07278126237971472
img_1678.png,-0.291420078323925
img_1679.png,-0.24772838638827543
img_1680.png,0.1984995138167026
img_1681.png,0.47830536473948093
img_1682.png,-0.4202895637362438
img_1683.png,0.4294344057355469
img_1684.png,-0.0951976470244067
img_1685.png,-0.41778924836586173
img_1686.png,-0.20108947024122914
img_1687.png,0.08769315162188995
img_1688.png,0.47106103887726625
img_1689.png,-0.15136698948514848
img_1690.png,0.09351669118662165
img_1691.png,-0.14979233587314977
img_1692.png,-0.0021851565696368036
img_1693.png,-0.3927575410555022
img_1694.png,-0.2605352531651376
img_1695.png,-0.09504460029265294
img_1696.png,-0.3356565707098449
img_1697.png,0.32034401899644527
img_1698.png,-0.0727297735801068
img_1699.png,0.12327626526086055
img_1700.png,-0.3876875744931031
img_1701.png,0.05734794690630851
img_1702.png,0.05918667469999894
img_1703.png,-0.11697864267834579
img_1704.png,-0.1931219043401331
img_1705.png,0.12634908819112767
img_1706.png,0.4814417433264412
img_1707.png,0.46921933081665723
img_1708.png,0.29121460296587853
img_1709.png,-0.2967801215538448
img_1710.png,-0.4764767697867821
img_1711.png,0.14583891609478772
img_1712.png,-0.058757795835830406
img_1713.png,-0.2534490690424165
img_1714.png,0.3514548500578695
img_1715.png,-0.020848320844836343
img_1716.png,-0.11946991621715353
img_1717.png,-0.48733327429176454
img_1718.png,-0.24026983499156385
img_1719.png,0.2954138670989872
img_1720.png,-0.14075593296832334
img_1721.png,0.3512522877576537
img_1722.png,-0.45970557405512524
img_1723.png,-0.26167716957973197
img_1724.png,-0.017192952309266873
img_1725.png,-0.4931436852890768
img_1726.png,-0.46231013621650274
img_1727.png,0.2969856151061744
img_1728.png,-0.2651884297768936
img_1729.png,-0.47757648231583194
img_1730.png,0.1905473117798
img_1731.png,-0.24703574090924907
img_1732.png,-0.17676742176874805
img_1733.png,-0.4569849490596598
img_1734.png,-0.29740858210530496
img_1735.png,-0.10111204314695399
img_1736.png,-0.052571533965119044
img_1737.png,0.40206519589790046
img_1738.png,0.3742844177322121
img_1739.png,0.17013370649801107
img_1740.png,0.4971418854169616
img_1741.png,0.4226247334131292
img_1742.png,-0.02779958085034895
img_1743.png,0.1411881843252515
img_1744.png,-0.11141634348737772
img_1745.png,0.17002095825212427
img_1746.png,-0.4909662760334763
img_1747.png,0.106224476722931
img_1748.png,0.18414429432429236
img_1749.png,-0.4090779621954076
img_1750.png,-0.33827643564472953
img_1751.png,0.395316398869639
img_1752.png,0.10753267278720657
img_1753.png,0.2764166823703057
img_1754.png,0.3458670427714773
img_1755.png,0.22268978126056982
img_1756.png,-0.21947144136763097
img_1757.png,-0.1433917148592655
img_1758.png,0.3965917088693053
img_1759.png,0.09175610421877611
img_1760.png,-0.12918607378622904
img_1761.png,0.07846402582328882
img_1762.png,-0.1230197536611235
img_1763.png,0.3121469909940253
img_1764.png,-0.16375886398434913
img_1765.png,0.23748519964207138
img_1766.png,-0.13769190932246922
img_1767.png,0.10087078006153749
img_1768.png,0.43081184201388134
img_1769.png,0.4413882637294172
img_1770.png,0.34026758484391617
img_1771.png,0.058602074146677396
img_1772.png,-0.4128772062494379
img_1773.png,-0.38607120343487555
img_1774.png,0.08837733687922766
img_1775.png,0.28572565283738216
img_1776.png,-0.33006832386611795
img_1777.png,-0.3568967065187568
img_1778.png,0.2828099180505971
img_1779.png,-0.23302228911416656
img_1780.png,0.2938308527492015
img_1781.png,0.23009912007099598
img_1782.png,0.42122136298400625
img_1783.png,-0.4026899240332227
img_1784.png,-0.005597460775983998
img_1785.png,0.21312540446545736
img_1786.png,0.3183800674519264
img_1787.png,0.05606688380055369
img_1788.png,0.30505830933948785
img_1789.png,0.3262166549770127
img_1790.png,0.3420236622603534
img_1791.png,-0.3916290731451173
img_1792.png,-0.0013870345417766883
img_1793.png,-0.4603997004452536
img_1794.png,-0.40700734421859375
img_1795.png,-0.42294476991232655
img_1796.png,-0.1331480834446771
img_1797.png,0.2814234788977198
img_1798.png,0.09967465300544731
img_1799.png,-0.4053514577804568
img_1800.png,-0.09375314039272609
img_1801.png,-0.42338614964208443
img_1802.png,-0.19566637738535786
img_1803.png,-0.4901463082314901
img_1804.png,0.2529836809793674
img_1805.png,-0.21874053492486223
img_1806.png,0.3373939928221349
img_1807.png,-0.15295904909529623
img_1808.png,0.07210196927203882
img_1809.png,0.26030272393774667
img_1810.png,0.29495440817166707
img_1811.png,0.2432567550711333
img_1812.png,0.12399291405235746
img_1813.png,-0.1350561724493321
img_1814.png,-0.06494035693247102
img_1815.png,0.19293170126801562
img_1816.png,-0.25128294435504495
img_1817.png,-0.05847319531205575
img_1818.png,-0.025669163515512072
img_1819.png,0.13593687424118328
img_1820.png,-0.27950758660256025
img_1821.png,-0.16829938715006199
img_1822.png,0.47309371361442165
img_1823.png,-0.4579757632743666
img_1824.png,-0.09132591316377525
img_1825.png,-0.16494590323817326
img_1826.png,0.005313851255757007
img_1827.png,-0.11955258458722029
img_1828.png,-0.24103020030689848
img_1829.png,-0.21829720752527226
img_1830.png,0.47458488994202863
img_1831.png,-0.4705359237205111
img_1832.png,0.020168721477786478
img_1833.png,-0.19536483219657985
img_1834.png,0.022543917944978675
img_1835.png,0.31915045467496894
img_1836.png,-0.16542727569197802
img_1837.png,-0.31564832970240775
img_1838.png,0.21488829804088438
img_1839.png,0.3262454371447463
img_1840.png,-0.2902140434814898
img_1841.png,-0.28512573259291485
img_1842.png,-0.40274545643571835
img_1843.png,-0.4008084784920185
img_1844.png,0.4147664511386383
img_1845.png,0.31640505075186176
img_1846.png,0.21920854154477476
img_1847.png,-0.39798967741862046
img_1848.png,0.22141652216415464
img_1849.png,-0.30527485396838827
img_1850.png,0.08885543685397124
img_1851.png,0.27892920272586785
img_1852.png,0.12660145109938659
img_1853.png,-0.4302014315413266
img_1854.png,-0.21328339385738793
img_1855.png,0.4999229809527641
img_1856.png,-0.3004124025475079
img_1857.png,0.13537228307092353
img_1858.png,-0.49461550746949323
img_1859.png,-0.08697187844302123
img_1860.png,0.251666083992761
img_1861.png,-0.44213900973763576
img_1862.png,0.45161822770513627
img_1863.png,0.2078094561896262
img_1864.png,0.24956563305730428
img_1865.png,0.11504795527571543
img_1866.png,-0.3716058071681926
img_1867.png,-0.2983586163894125
img_1868.png,-0.48282782320830786
img_1869.png,0.14980961372636992
img_1870.png,0.4062255351641154
img_1871.png,0.07888103692025195
img_1872.png,-0.34011528230896304
img_1873.png,0.21187536214846148
img_1874.png,0.46875332754667776
img_1875.png,0.27526873624573744
img_1876.png,0.17198572028380343
img_1877.png,-0.2670155629001788
img_1878.png,-0.411758918651147
img_1879.png,-0.1403492763823999
img_1880.png,0.3557052028257466
img_1881.png,-0.09595188372003516
img_1882.png,-0.39021547173658444
img_1883.png,-0.28778726688387335
img_1884.png,0.4817623001295407
img_1885.png,-0.02861140687421071
img_1886.png,-0.24309111148110707
img_1887.png,-0.38231078219083503
img_1888.png,-0.31505462273696516
img_1889.png,-0.48743690973244025
img_1890.png,-0.010025093857538914
img_1891.png,-0.30239485975637836
img_1892.png,-0.12462411394896833
img_1893.png,-0.26614646104448114
img_1894.png,0.3713318629887704
img_1895.png,0.2788526283421391
img_1896.png,0.18291017924287878
img_1897.png,0.19442464251900582
img_1898.png,-0.09649151228897146
img_1899.png,-0.11516863997338866
img_1900.png,-0.049450975835162336
img_1901.png,-0.025436590387233116
img_1902.png,0.17687227572887498
img_1903.png,0.4130532521850282
img_1904.png,-0.14887876201151096
img_1905.png,0.24408208551579313
img_1906.png,-0.4045659313266472
img_1907.png,-0.14806308464072482
img_1908.png,0.15946690262888763
img_1909.png,0.43118050082020776
img_1910.png,0.48312468796858365
img_1911.png,-0.3820012028810045
img_1912.png,0.028255421543971204
img_1913.png,-0.4886490851980465
img_1914.png,0.42091965740872006
img_1915.png,-0.23281277896828378
img_1916.png,0.4797308057822077
img_1917.png,-0.23152543891678323
img_1918.png,-0.15563772595280678
img_1919.png,0.16261118793569596
img_1920.png,-0.3106019512532586
img_1921.png,0.18412573340610383
img_1922.png,0.4528843558407831
img_1923.png,0.07093484042951126
img_1924.png,0.38137790164622154
img_1925.png,-0.14783344028259027
img_1926.png,-0.3873676329885083
img_1927.png,0.22534083066889832
img_1928.png,0.46235593548341036
img_1929.png,-0.26367681588206426
img_1930.png,0.02177062964155363
img_1931.png,-0.4939821640609816
img_1932.png,0.48585873780645994
img_1933.png,0.4698852783995048
img_1934.png,-0.3805076884218873
img_1935.png,0.05137476873359692
img_1936.png,0.44416699504562673
img_1937.png,-0.12398414005921832
img_1938.png,0.17847754739085686
img_1939.png,-0.2746179974592191
img_1940.png,-0.11591759927173007
img_1941.png,0.05883106460567544
img_1942.png,-0.3175021254042667
img_1943.png,-0.4772313331996896
img_1944.png,-0.3244986887694611
img_1945.png,0.13846903862813564
img_1946.png,-0.1055832570747971
img_1947.png,-0.1134739914928854
img_1948.png,0.32207724018166506
img_1949.png,0.14134222764156656
img_1950.png,-0.013142979664172993
img_1951.png,0.4749578095494066
img_1952.png,-0.13923738024587917
img_1953.png,0.40474895815090084
img_1954.png,-0.05125412007215924
img_1955.png,0.3606399268186107
img_1956.png,0.4519901932575513
img_1957.png,-0.35971616403311624
img_1958.png,-0.03310833215988329
img_1959.png,0.1554023606286895
img_1960.png,-0.4147554832526995
img_1961.png,-0.44614014016178993
img_1962.png,0.49004802752543986
img_1963.png,0.051575782800559744
img_1964.png,-0.4081627402339826
img_1965.png,-0.06553491538803824
img_1966.png,-0.05323286889258627
img_1967.png,0.24247095585623324
img_1968.png,0.10304765994310161
img_1969.png,0.4551455355561891
img_1970.png,-0.045985702338042334
img_1971.png,-0.3728931393435204
img_1972.png,-0.24985342310409986
img_1973.png,-0.28273700601627993
img_1974.png,-0.2863456821911139
img_1975.png,-0.4742123127174318
img_1976.png,0.10116892931113652
img_1977.png,0.022945648131409535
img_1978.png,-0.3462305584975399
img_1979.png,-0.004576897716560224
img_1980.png,0.3650836914945529
img_1981.png,0.35120864605098956
img_1982.png,0.26285852110957497
img_1983.png,-0.015794039783283198
img_1984.png,-0.40603316135684975
img_1985.png,-0.21133896751607095
img_1986.png,-0.13970816450011758
img_1987.png,-0.07086653586276759
img_1988.png,0.13608049340930084
img_1989.png,-0.3330120787365627
img_1990.png,0.36458816094115143
img_1991.png,-0.2128963716751544
img_1992.png,-0.3059438081815856
img_1993.png,0.24776185937953843
img_1994.png,-0.39862819573440356
img_1995.png,-0.13849039599575574
img_1996.png,-0.26919122077204993
img_1997.png,0.4429619967306512
img_1998.png,-0.3290514983580317
img_1999.png,-0.3075822848573335
img_2000.png,-0.09605881755661172
img_2001.png,-0.20157399224026462
img_2002.png,-0.32710537410313933
img_2003.png,0.024055031306195462
img_2004.png,0.11471956239019121
img_2005.png,0.47440986512610084
img_2006.png,-0.1576980707572916
img_2007.png,0.09825993607060057
img_2008.png,-0.4242460982813988
img_2009.png,-0.3114208579535602
img_2010.png,-0.3274196546447995
img_2011.png,-0.1564505686563703
img_2012.png,-0.47585453524880494
img_2013.png,-0.12780569409591103
img_2014.png,-0.35543397314418157
img_2015.png,0.47297122133068537
img_2016.png,-0.3101721758156756
img_2017.png,-0.3494671349259575
img_2018.png,-0.4756318339687392
img_2019.png,0.0708816596849281
img_2020.png,0.4878483612609924
img_2021.png,-0.13873217197314314
img_2022.png,-0.19815717935020416
img_2023.png,0.03899759881905762
img_2024.png,-0.11358831709542017
img_2025.png,-0.18886543708397552
img_2026.png,-0.14199369197030964
img_2027.png,-0.23544063386418956
img_2028.png,0.1778003152377886
img_2029.png,0.08464876027447799
img_2030.png,0.012885526246742773
img_2031.png,0.41771536737791193
img_2032.png,-0.47044767315420233
img_2033.png,-0.36470172600603534
img_2034.png,-0.3732929070708103
img_2035.png,0.10785488884931504
img_2036.png,0.4986041029446725
img_2037.png,0.1642768416933199
img_2038.png,0.2862827804438929
img_2039.png,-0.3325904631057873
img_2040.png,0.07170356745436202
img_2041.png,-0.3011982559656027
img_2042.png,0.3823040079981519
img_2043.png,0.4704777174493525
img_2044.png,0.4490036686358778
img_2045.png,-0.19197594125468642
img_2046.png,-0.44126367997190896
img_2047.png,0.17816314111640685
img_2048.png,0.4538426340931908
img_2049.png,0.26192226691191656
img_2050.png,0.4430975412436855
img_2051.png,0.3853502448691283
img_2052.png,-0.06620264682165755
img_2053.png,-0.39021330919390207
img_2054.png,-0.468276275465935
img_2055.png,0.09260020102393096
img_2056.png,-0.21686173160901057
img_2057.png,-0.3377320990608035
img_2058.png,-0.195082078519201
img_2059.png,0.012528476559489965
img_2060.png,-0.12785173096361946
img_2061.png,-0.21468799779100478
img_2062.png,-0.4575903507986544
img_2063.png,-0.24819594934572053
img_2064.png,-0.30431787710176605
img_2065.png,-0.2954497414491817
img_2066.png,0.030098793203540697
img_2067.png,0.1830405366798843
img_2068.png,-0.48477477811846426
img_2069.png,-0.25978518837356734
img_2070.png,-0.08466803540453716
img_2071.png,0.28927094790378993
img_2072.png,0.4441280779397644
img_2073.png,-0.3848946918962103
img_2074.png,0.4430840167816825
img_2075.png,-0.07835270081971069
img_2076.png,-0.35568745401889923
img_2077.png,0.01985106547096227
img_2078.png,0.1968936593504622
img_2079.png,-0.11503336433346423
img_2080.png,0.024971281770954867
img_2081.png,0.30322632595390686
img_2082.png,0.19038486083378936
img_2083.png,0.25803257098545274
img_2084.png,-0.05879305030209858
img_2085.png,0.273165575198999
img_2086.png,0.046348060370767885
img_2087.png,-0.17005222127267106
img_2088.png,-0.46664203926920245
img_2089.png,-0.15140602140054493
img_2090.png,-0.433000207409338
img_2091.png,0.3003545066038822
img_2092.png,0.4751495425829365
img_2093.png,0.419843890603807
img_2094.png,-0.10443386946049038
img_2095.png,0.2047479302909051
img_2096.png,-0.02368372379137418
img_2097.png,-0.4769556636075428
img_2098.png,0.26687704410531055
img_2099.png,0.3125300460486915
img_2100.png,0.06629652258897212
img_2101.png,-0.06702441003299664
img_2102.png,-0.4615832976907669
img_2103.png,-0.07544001593736971
img_2104.png,-0.3956573340487919
img_2105.png,-0.31046005881735383
img_2106.png,-0.15307490385367062
img_2107.png,-0.3705384287532525
img_2108.png,0.2453439750835581
img_2109.png,-0.013270020680019146
img_2110.png,0.02529873156958451
img_2111.png,-0.4105959519380963
img_2112.png,0.08986811063581612
img_2113.png,0.18143191211918896
img_2114.png,0.14462175956875278
img_2115.png,0.22068347282524015
img_2116.png,-0.24466718716611757
img_2117.png,-0.21039867786181765
img_2118.png,0.39919342403549574
img_2119.png,0.18158162724243943
img_2120.png,-0.32489431305685035
img_2121.png,0.17760631933674687
img_2122.png,0.29833290280052005
img_2123.png,-0.28315800019980053
img_2124.png,-0.10969140787568232
img_2125.png,0.13552028192084054
img_2126.png,0.12005943681206044
img_2127.png,0.48841480808567495
img_2128.png,-0.2250616643550093
img_2129.png,-0.028182597861629688
img_2130.png,-0.18585810333876007
img_2131.png,0.03432561919576271
img_2132.png,0.1966981177741749
img_2133.png,0.34664978921585077
img_2134.png,0.40379485922591396
img_2135.png,-0.32097999920466425
img_2136.png,-0.28003225119923536
img_2137.png,0.48709301423212414
img_2138.png,0.07404553466381669
img_2139.png,-0.20296162274924434
img_2140.png,-0.2518153859012714
img_2141.png,-0.365680100610444
img_2142.png,0.06879160676774598
img_2143.png,-0.2968367231509377
img_2144.png,-0.35973968202137974
img_2145.png,-0.005090195081981608
img_2146.png,0.48614838793868753
img_2147.png,0.2928163444785037
img_2148.png,0.17394293099316205
img_2149.png,-0.10796260362428822
img_2150.png,-0.104194892625886
img_2151.png,0.38021858261266295
img_2152.png,0.22990766972820198
img_2153.png,-0.3904632408301689
img_2154.png,0.1421453249747201
img_2155.png,0.2613223812207631
img_2156.png,0.19677193149600847
img_2157.png,0.05634913967511124
img_2158.png,0.2083934665567605
img_2159.png,0.08231293899959458
img_2160.png,0.22229186510943932
img_2161.png,0.037332353456018486
img_2162.png,0.20556478804626177
img_2163.png,0.475356442148271
img_2164.png,-0.07675904723416627
img_2165.png,0.4277343635537395
img_2166.png,-0.3076933427479097
img_2167.png,0.02227351436760261
img_2168.png,-0.33826455139538836
img_2169.png,-0.07459307158466211
img_2170.png,-0.485960324345418
img_2171.png,-0.1348589477018265
img_2172.png,0.18326325318065895
img_2173.png,-0.39527375413191657
img_2174.png,0.19042015662239942
img_2175.png,-0.4476188484518415
img_2176.png,0.4677920816599853
img_2177.png,0.25353879882884345
img_2178.png,0.010059783420318436
img_2179.png,0.49027724009718465
img_2180.png,-0.02394272541424003
img_2181.png,0.051280479995305495
img_2182.png,-0.4318261321500533
img_2183.png,0.40854826634731833
img_2184.png,-0.25436557001015936
img_2185.png,-0.24828774822447086
img_2186.png,-0.4846256843534774
img_2187.png,0.026968911843898713
img_2188.png,-0.45329950017920806
img_2189.png,-0.045671303260544915
img_2190.png,-0.4515483841688568
img_2191.png,-0.28038690761496565
img_2192.png,0.2377890060543818
img_2193.png,0.2625823816557237
img_2194.png,-0.02598669061495218
img_2195.png,-0.4062323466710416
img_2196.png,-0.34704113848660145
img_2197.png,0.48205555313587456
img_2198.png,-0.1904419602162455
img_2199.png,0.4195548062227261
img_2200.png,-0.03941898170906588
img_2201.png,-0.08234018500083151
img_2202.png,-0.492762705424458
img_2203.png,-0.3442163066919669
img_2204.png,0.2211064257889388
img_2205.png,0.22985191652243253
img_2206.png,0.00707907654270945
img_2207.png,-0.1704909473291606
img_2208.png,-0.2899308731730762
img_2209.png,-0.13343831757844793
img_2210.png,0.22641516166821296
img_2211.png,-0.16055468426811048
img_2212.png,-0.025026822899723133
img_2213.png,-0.13066342858003532
img_2214.png,0.40088866828884684
img_2215.png,0.1786826913106293
img_2216.png,0.058395281908265706
img_2217.png,0.16783665610858145
img_2218.png,-0.2094477227514845
img_2219.png,-0.005421582101988287
img_2220.png,0.1115813152748858
img_2221.png,-0.37904230294971486
img_2222.png,-0.3487017723605207
img_2223.png,0.469506533232651
img_2224.png,-0.0712614606688784
img_2225.png,0.33478523439701546
img_2226.png,0.4149405849648585
img_2227.png,0.034547423592071635
img_2228.png,-0.41663116021698254
img_2229.png,-0.2420495426187551
img_2230.png,-0.2101919622853814
img_2231.png,-0.27944337544001097
img_2232.png,-0.4963380750430838
img_2233.png,0.4980511632309861
img_2234.png,0.4261444866257985
img_2235.png,-0.06582564533198876
img_2236.png,0.43557351629249097
img_2237.png,0.4362163361871845
img_2238.png,0.4138678675153371
img_2239.png,-0.027616858575888692
img_2240.png,0.2886190394576883
img_2241.png,-0.37164809452378744
img_2242.png,0.2563718707969833
img_2243.png,0.20398077556221827
img_2244.png,-0.1320614008985449
img_2245.png,-0.34793115988067136
img_2246.png,-0.18763307905571247
img_2247.png,-0.005925907212700365
img_2248.png,0.4331954746838028
img_2249.png,-0.19691336123231706
img_2250.png,0.14560836784887377
img_2251.png,0.030491167778619155
img_2252.png,0.0880599939953638
img_2253.png,-0.07036039149565276
img_2254.png,0.4391608829943532
img_2255.png,-0.09695845214383736
img_2256.png,-0.36426832377438234
img_2257.png,0.06234827539430876
img_2258.png,0.04649446408108915
img_2259.png,0.17060526252653252
img_2260.png,-0.02456856580280309
img_2261.png,-0.1633600139330288
img_2262.png,0.3631258920095902
img_2263.png,-0.38745972934447703
img_2264.png,0.09221896922569295
img_2265.png,0.15857346980665743
img_2266.png,0.2050039073123907
img_2267.png,0.41714310372243346
img_2268.png,0.40433789552823596
img_2269.png,0.20603225045216955
img_2270.png,0.16235711999086344
img_2271.png,0.19047943536576184
img_2272.png,-0.2202022479550464
img_2273.png,0.1952678511912519
img_2274.png,0.3135451364744558
img_2275.png,-0.43795827769719653
img_2276.png,-0.2799446480235003
img_2277.png,0.3710448934267666
img_2278.png,0.4109856671285146
img_2279.png,-0.30114223433277776
img_2280.png,-0.08734146566642575
img_2281.png,0.1476759733227777
img_2282.png,0.12171144346211371
img_2283.png,-0.345373609920952
img_2284.png,-0.4493357668488892
img_2285.png,-0.327227956892985
img_2286.png,0.40779879428879784
img_2287.png,-0.41612785699720733
img_2288.png,-0.1598943292579741
img_2289.png,-0.3265246372679388
img_2290.png,-0.2698825275381642
img_2291.png,0.364997088175558
img_2292.png,-0.49863011748651964
img_2293.png,-0.21005982406718926
img_2294.png,0.43125080429143314
img_2295.png,0.2517872254647344
img_2296.png,0.44009743698840476
img_2297.png,0.030541412279516456
img_2298.png,-0.2507276338054224
img_2299.png,0.2041641313002368
img_2300.png,0.34899669523118226
img_2301.png,-0.4928084439195386
img_2302.png,0.44645362142071676
img_2303.png,0.478509964624267
img_2304.png,0.27754509394341054
img_2305.png,0.1674176977600801
img_2306.png,0.40924598287996117
img_2307.png,-0.12643973345134718
img_2308.png,-0.2954185348631354
img_2309.png,0.19134695588917328
img_2310.png,-0.013693590563266023
img_2311.png,-0.20475937747675088
img_2312.png,0.316466854951287
img_2313.png,-0.01674317898918376
img_2314.png,0.20440779086818783
img_2315.png,-0.22791129326425574
img_2316.png,0.0020722612489165737
img_2317.png,0.07952027374165627
img_2318.png,-0.36614740670117074
img_2319.png,-0.07734674367872318
img_2320.png,-0.24510117101657392
img_2321.png,0.12031640487780992
img_2322.png,-0.17966954720040418
img_2323.png,0.3792809146757893
img_2324.png,-0.027004892538304515
img_2325.png,0.038637941575180634
img_2326.png,0.18987773843326816
img_2327.png,0.016017718648305146
img_2328.png,0.41455608299588165
img_2329.png,-0.21517940353038156
img_2330.png,0.2568546082446571
img_2331.png,-0.064999599563352
img_2332.png,-0.2949806570053519
img_2333.png,0.06251159496731562
img_2334.png,-0.4356292196055517
img_2335.png,-0.4998109732451571
img_2336.png,-0.3845527889484416
img_2337.png,0.40467507265467306
img_2338.png,-0.43326564199538387
img_2339.png,-0.09362863927642384
img_2340.png,-0.3790110310054321
img_2341.png,-0.4105955296075928
img_2342.png,0.3366235627152484
img_2343.png,0.19127827154474342
img_2344.png,-0.16083176312678737
img_2345.png,-0.42205651417518475
img_2346.png,-0.25910697579464625
img_2347.png,-0.44673708678649127
img_2348.png,0.07570725216011343
img_2349.png,0.08944881369875379
img_2350.png,-0.3365415085773792
img_2351.png,-0.4176455930736904
img_2352.png,-0.4387597614495504
img_2353.png,-0.20923252947632798
img_2354.png,-0.18372357063491018
img_2355.png,0.14746727123963643
img_2356.png,0.4956305177503072
img_2357.png,-0.032721323633086
img_2358.png,0.08411769267833347
img_2359.png,-0.15013362739832148
img_2360.png,0.3629560633280544
img_2361.png,-0.12867509982141623
img_2362.png,0.19918197577931396
img_2363.png,-0.19199873485158736
img_2364.png,0.4579833527141369
img_2365.png,-0.18482952512610673
img_2366.png,-0.3204901137285746
img_2367.png,-0.3514973628882968
img_2368.png,0.33443660161798006
img_2369.png,-0.2338913321096069
img_2370.png,0.22947488924281267
img_2371.png,0.09538087028471864
img_2372.png,0.07586871776966375
img_2373.png,0.374078523986905
img_2374.png,0.07550493284927373
img_2375.png,0.10417236400351726
img_2376.png,0.31206020024817693
img_2377.png,-0.2026058481433125
img_2378.png,-0.2642608020022501
img_2379.png,0.23677172556836878
img_2380.png,0.4982765407972404
img_2381.png,0.4152628954329949
img_2382.png,-0.46347181025667494
img_2383.png,-0.22665509466867895
img_2384.png,-0.27050384271674566
img_2385.png,-0.23910887733961383
img_2386.png,-0.36190073527539623
img_2387.png,-0.11290280073010217
img_2388.png,0.25098781641968293
img_2389.png,-0.018957277812564066
img_2390.png,-0.007935620805538335
img_2391.png,-0.4870508438842466
img_2392.png,-0.37645910910888036
img_2393.png,0.2409560607585649
img_2394.png,-0.15631615018653267
img_2395.png,-0.4156211773099652
img_2396.png,0.018909834544568738
img_2397.png,-0.3768466131603705
img_2398.png,0.24055622184840508
img_2399.png,0.03560205665588556
img_2400.png,0.23090597321344353
img_2401.png,0.0003811795570481946
img_2402.png,0.018521957232489505
img_2403.png,0.15711843998296782
img_2404.png,0.09964811256149853
img_2405.png,0.3395285507868595
img_2406.png,-0.4722916395251302
img_2407.png,0.07692737669242167
img_2408.png,0.0005454882242463821
img_2409.png,-0.3773726006643585
img_2410.png,0.13985548724147934
img_2411.png,0.47136858210622234
img_2412.png,-0.42306884479692064
img_2413.png,0.15582289467719224
img_2414.png,-0.10396831382238847
img_2415.png,-0.46332815325894594
img_2416.png,-0.16344999719487252
img_2417.png,0.44515439915954713
img_2418.png,0.46458220114073956
img_2419.png,0.13152189309877493
img_2420.png,0.03920402495119324
img_2421.png,-0.2308241125655568
img_2422.png,-0.4854964728253087
img_2423.png,-0.3629996242508682
img_2424.png,0.47869950779084325
img_2425.png,-0.45087352551597326
img_2426.png,0.1273272261796642
img_2427.png,-0.289523798476795
img_2428.png,-0.3757561977985898
img_2429.png,-0.3978903943898944
img_2430.png,0.1565925693442003
img_2431.png,-0.25247497255633755
img_2432.png,-0.01422979498989052
img_2433.png,-0.161552136081907
img_2434.png,0.39355480475986704
img_2435.png,0.31150538877181133
img_2436.png,-0.3026180311315335
img_2437.png,0.2960908887525632
img_2438.png,-0.1872556961059485
img_2439.png,0.4265062893595314
img_2440.png,-0.10195247364096949
img_2441.png,0.21564585454295793
img_2442.png,0.23244549431456774
img_2443.png,0.26353273839136193
img_2444.png,-0.10343206480035394
img_2445.png,-0.3039740999956554
img_2446.png,-0.3291903805814137
img_2447.png,0.18578318154156803
img_2448.png,0.3321023467330947
img_2449.png,-0.2930697495753305
img_2450.png,-0.17835734066563524
img_2451.png,0.44565709736395653
img_2452.png,-0.48440292242288485
img_2453.png,0.3334238885592562
img_2454.png,-0.2681576045329407
img_2455.png,0.13701504853172952
img_2456.png,0.19352741954857222
img_2457.png,0.09466477712940691
img_2458.png,-0.18404659896660658
img_2459.png,-0.08691785656041384
img_2460.png,-0.36305981734263404
img_2461.png,-0.1513241770535405
img_2462.png,0.2876749810756607
img_2463.png,-0.2933511352191296
img_2464.png,-0.28834077538287206
img_2465.png,-0.38339778188399976
img_2466.png,-0.020374319401801344
img_2467.png,0.25734702433963463
img_2468.png,0.095729823357383
img_2469.png,0.2640425132299854
img_2470.png,0.04990515851188426
img_2471.png,-0.3604038304167152
img_2472.png,0.01204530538377846
img_2473.png,0.3218943072971334
img_2474.png,-0.0051185139424216874
img_2475.png,-0.36366307601939096
img_2476.png,0.06192707776561168
img_2477.png,-0.12046053025663706
img_2478.png,-0.17453616704821817
img_2479.png,0.332910224211321
img_2480.png,-0.2877464739860993
img_2481.png,0.36759035398532924
img_2482.png,-0.06813900150857255
img_2483.png,-0.4975765146304081
img_2484.png,0.3626884193146742
img_2485.png,0.3568578465913541
img_2486.png,-0.06902314577357438
img_2487.png,-0.4204487137487487
img_2488.png,0.24878749162977365
img_2489.png,-0.39785007282365825
img_2490.png,-0.3132201515523687
img_2491.png,-0.007144226185540781
img_2492.png,0.27568320460790485
img_2493.png,0.19700518482553553
img_2494.png,0.19816303642504796
img_2495.png,0.4582998653893149
img_2496.png,-0.33564870899236643
img_2497.png,0.29119092633850274
img_2498.png,0.030426195626702568
img_2499.png,0.0017872371163504264
img_2500.png,-0.21643353171622648
img_2501.png,0.07474632361764011
img_2502.png,-0.1794361260616344
img_2503.png,0.2820462500247717
img_2504.png,0.0464393395905397
img_2505.png,-0.4939104200742278
img_2506.png,0.43603625160849135
img_2507.png,-0.48131544637004275
img_2508.png,-0.37586805569505655
img_2509.png,0.4923332488953791
img_2510.png,-0.39044289685879985
img_2511.png,-0.282368582272557
img_2512.png,-0.4999297126464416
img_2513.png,-0.05406920438553964
img_2514.png,0.009483886466466918
img_2515.png,0.3889119960274636
img_2516.png,-0.4375790605746944
img_2517.png,0.2824167352907575
img_2518.png,-0.017652447711103858
img_2519.png,-0.31591997652159143
img_2520.png,0.1941348485052682
img_2521.png,-0.42752051268762414
img_2522.png,-0.3020322312852072
img_2523.png,-0.4418324087595129
img_2524.png,0.2051113776967476
img_2525.png,0.23550197055950128
img_2526.png,0.06340652222982912
img_2527.png,-0.1466806336610078
img_2528.png,-0.4807535151044636
img_2529.png,0.25067249648474
img_2530.png,-0.4155167019045677
img_2531.png,0.33202149402955694
img_2532.png,-0.3167044157043213
img_2533.png,0.24887627669286605
img_2534.png,-0.339149693843922
img_2535.png,0.0421238337869132
img_2536.png,-0.015540185987675148
img_2537.png,0.07066198751825048
img_2538.png,0.26565988079869984
img_2539.png,-0.0034033620654050356
img_2540.png,0.26975626261193275
img_2541.png,0.3638311589338493
img_2542.png,0.13278604714455222
img_2543.png,0.36771414619401366
img_2544.png,-0.34848571482565793
img_2545.png,0.39641730324173297
img_2546.png,-0.22839045911129885
img_2547.png,0.3037190160738832
img_2548.png,0.3096726971367334
img_2549.png,0.26035000523607255
img_2550.png,0.20276881265485736
img_2551.png,0.21221863112374395
img_2552.png,-0.21954915174571454
img_2553.png,0.44475073024279577
img_2554.png,0.219939410434418
img_2555.png,0.2702381480969598
img_2556.png,0.157667285512746
img_2557.png,0.20219289444778177
img_2558.png,-0.04636757167511496
img_2559.png,0.44686699610880953
img_2560.png,-0.39578105604433755
img_2561.png,0.4508944166166402
img_2562.png,0.36818995974522906
img_2563.png,0.0705239387694685
img_2564.png,-0.027625775055555746
img_2565.png,0.08022550353855773
img_2566.png,0.05522326163970903
img_2567.png,-0.3507947671586201
img_2568.png,-0.3783184808182709
img_2569.png,-0.04844605002380309
img_2570.png,-0.2715768877030904
img_2571.png,0.26785634298515215
img_2572.png,0.2535501640432083
img_2573.png,0.14843941988494236
img_2574.png,0.08754587959720062
img_2575.png,0.31461624396845367
img_2576.png,0.36479111712634316
img_2577.png,0.09317917387586327
img_2578.png,-0.29356667794434765
img_2579.png,-0.29768672054083944
img_2580.png,-0.36310439541191364
img_2581.png,-0.1295741781205585
img_2582.png,-0.49808429558468803
img_2583.png,0.011651094487518998
img_2584.png,-0.39339503241685214
img_2585.png,0.24171120574280125
img_2586.png,0.42916376552914115
img_2587.png,0.21933905266321396
img_2588.png,-0.4265524669816445
img_2589.png,-0.38147769109251084
img_2590.png,-0.17943561913787553
img_2591.png,-0.3722417402186543
img_2592.png,-0.38181997103055987
img_2593.png,0.37967580329644235
img_2594.png,0.3171987793640261
img_2595.png,0.35855997786962845
img_2596.png,0.15900650321686194
img_2597.png,-0.08535004014095082
img_2598.png,0.43829279763630125
img_2599.png,0.2666312864933502
img_2600.png,-0.39289074320561057
img_2601.png,0.4875765485678747
img_2602.png,-0.15532444046427096
img_2603.png,-0.13022975652755164
img_2604.png,0.09877785723371635
img_2605.png,-0.14955106937996054
img_2606.png,0.09446334717771865
img_2607.png,0.006168823399858248
img_2608.png,0.4209988577523286
img_2609.png,0.19407827801542699
img_2610.png,-0.03354224854088339
img_2611.png,0.10138228009557582
img_2612.png,0.3438509015555402
img_2613.png,-0.1425475816332029
img_2614.png,-0.21761783544637647
img_2615.png,-0.3716060839402868
img_2616.png,-0.3747817885619198
img_2617.png,-0.2594639045200503
img_2618.png,-0.2823826984794088
img_2619.png,0.3044519661944525
img_2620.png,-0.4616195310322708
img_2621.png,-0.08400001676710533
img_2622.png,-0.07095628355541894
img_2623.png,-0.2763936932815111
img_2624.png,-0.49142423364818955
img_2625.png,0.12682269641021116
img_2626.png,0.4409637107685912
img_2627.png,0.3164317049354707
img_2628.png,-0.21300279786990928
img_2629.png,-0.0542461923315245
img_2630.png,0.02149365294185701
img_2631.png,0.3176978702750536
img_2632.png,-0.18828919547901923
img_2633.png,0.1190568443503287
img_2634.png,-0.23151983613817773
img_2635.png,-0.358737185037558
img_2636.png,-0.014140148170858291
img_2637.png,0.4593850248216521
img_2638.png,0.08464261357121938
img_2639.png,0.02610831102986466
img_2640.png,0.13520556687469
img_2641.png,0.03784605378354733
img_2642.png,0.44949546747001423
img_2643.png,-0.10167608195517563
img_2644.png,-0.09437426233707669
img_2645.png,0.1776798011986942
img_2646.png,-0.2800077774553502
img_2647.png,-0.05209162605082873
img_2648.png,0.20130818153429053
img_2649.png,-0.35034079797279183
img_2650.png,-0.18888210308830822
img_2651.png,-0.45956467946186097
img_2652.png,0.18945802847609938
img_2653.png,0.18616897401937882
img_2654.png,0.16033897195381586
img_2655.png,0.008631533069789477
img_2656.png,0.1087532346100123
img_2657.png,0.48996914051773144
img_2658.png,-0.08011953395055449
img_2659.png,0.4632436032279893
img_2660.png,-0.08524572596502134
img_2661.png,0.3065788703503891
img_2662.png,0.45728106511785027
img_2663.png,0.17175181970087827
img_2664.png,-0.0010642430854822527
img_2665.png,-0.4188998835944312
img_2666.png,0.3479580879341433
img_2667.png,0.11640434648853082
img_2668.png,0.1602853748463855
img_2669.png,0.27916051185549995
img_2670.png,-0.4086453929821553
img_2671.png,-0.29493890772876385
img_2672.png,-0.42040465643968683
img_2673.png,0.14679151536605217
img_2674.png,-0.20335586745096335
img_2675.png,-0.3198087134521327
img_2676.png,0.257570500641787
img_2677.png,0.45584554032724534
img_2678.png,-0.29444700103896837
img_2679.png,-0.30234388513681953
img_2680.png,-0.3404660896924313
img_2681.png,-0.20139530153964313
img_2682.png,0.25172787108929007
img_2683.png,0.08551967349417144
img_2684.png,0.3695703760093314
img_2685.png,0.3489897434737187
img_2686.png,0.2435058335148067
img_2687.png,0.4408284106307214
img_2688.png,0.28699072126497405
img_2689.png,0.2896368129757604
img_2690.png,0.018859552803033086
img_2691.png,0.3674410141742711
img_2692.png,-0.10612363505854105
img_2693.png,-0.4867605105287315
img_2694.png,0.12959790747076128
img_2695.png,0.01662274726637747
img_2696.png,0.15458214948583526
img_2697.png,0.28509846865996713
img_2698.png,-0.09090345489698459
img_2699.png,-0.11503632944399644
img_2700.png,0.46395641440402946
img_2701.png,0.17678225606765074
img_2702.png,0.40260491698529266
img_2703.png,0.1140637677160452
img_2704.png,-0.20531574856132317
img_2705.png,0.31612695130632673
img_2706.png,0.08922690055616223
img_2707.png,-0.2671502993222509
img_2708.png,-0.3781613366626949
img_2709.png,0.08238728639176085
img_2710.png,-0.3537164148761701
img_2711.png,-0.44537973490876515
img_2712.png,0.3146303747394318
img_2713.png,-0.36707608020687266
img_2714.png,-0.06282890586743628
img_2715.png,0.4061792516701449
img_2716.png,0.0693663075236185
img_2717.png,0.36868451450908446
img_2718.png,0.16845148709110846
img_2719.png,0.3805135871494013
img_2720.png,-0.3635655114569898
img_2721.png,0.10864024564283681
img_2722.png,0.33292537241447107
img_2723.png,0.06904435048078184
img_2724.png,-0.4978088745440975
img_2725.png,-0.38104555124581097
img_2726.png,0.012230079613207545
img_2727.png,0.12392008033164359
img_2728.png,0.1754134126070832
img_2729.png,0.3137215050555662
img_2730.png,-0.41184527679969296
img_2731.png,-0.35146851494784215
img_2732.png,0.12167289355244704
img_2733.png,-0.41224583940765824
img_2734.png,0.20606847564194475
img_2735.png,-0.24722431291700087
img_2736.png,-0.3602830322992616
img_2737.png,0.1649282561052522
img_2738.png,0.40433850889723044
img_2739.png,0.10039762085649329
img_2740.png,-0.04331471778442275
img_2741.png,0.32024675687559034
img_2742.png,-0.22670745251272628
img_2743.png,0.02375838811109443
img_2744.png,0.43259455940793234
img_2745.png,0.10532281932063925
img_2746.png,0.43185483483682674
img_2747.png,-0.4988454018931341
img_2748.png,0.2921167584470665
img_2749.png,-0.3090773803843765
img_2750.png,-0.007996990514566371
img_2751.png,-0.4096435284872234
img_2752.png,-0.00018362109682812378
img_2753.png,0.36087809033992657
img_2754.png,-0.0631020014077801
img_2755.png,-0.41067203176835587
img_2756.png,0.2687624460452285
img_2757.png,0.00964013400659558
img_2758.png,0.24540722565593864
img_2759.png,0.2636933726615406
img_2760.png,0.3157812801337647
img_2761.png,-0.42441115253991946
img_2762.png,-0.15939409347583489
img_2763.png,-0.07588915697579512
img_2764.png,-0.3204241613246722
img_2765.png,-0.4551774870507166
img_2766.png,0.04962769586077709
img_2767.png,-0.25708322303047504
img_2768.png,0.27161084272133873
img_2769.png,0.34196556357872965
img_2770.png,0.1797263034704205
img_2771.png,0.22625251651740264
img_2772.png,-0.037387496559059596
img_2773.png,-0.018322099699215166
img_2774.png,0.4374085241385184
img_2775.png,0.4802993639405526
img_2776.png,-0.26236249521597965
img_2777.png,-0.2517784722463764
img_2778.png,0.3377667304963906
img_2779.png,0.08733177247798907
img_2780.png,-0.1892441420529194
img_2781.png,-0.43963073284350285
img_2782.png,-0.19453590676212662
img_2783.png,0.4623508698343456
img_2784.png,0.38722271236541916
img_2785.png,-0.1555485868998484
img_2786.png,-0.17249868503333077
img_2787.png,0.3603033160055905
img_2788.png,-0.019458763272033663
img_2789.png,-0.08175163912251793
img_2790.png,0.3464693227063237
img_2791.png,-0.20074081364023244
img_2792.png,-0.1435507900675853
img_2793.png,-0.3891120918417301
img_2794.png,-0.001221032455675397
img_2795.png,0.10771449580869885
img_2796.png,-0.32701421234587924
img_2797.png,-0.12169345226152561
img_2798.png,-0.45263376536183764
img_2799.png,0.3091491965247821
img_2800.png,-0.2948914253818693
img_2801.png,0.11553865786023998
img_2802.png,0.4599429215165096
img_2803.png,0.3199967276168464
img_2804.png,0.17242265286099723
img_2805.png,0.40740244979034757
img_2806.png,0.48886886222784365
img_2807.png,-0.0033080438232118148
img_2808.png,-0.4065409674464564
img_2809.png,0.23254834954833603
img_2810.png,0.049390299441541496
img_2811.png,-0.10472339679872011
img_2812.png,-0.10296088371059231
img_2813.png,0.3627048005992356
img_2814.png,0.2424536379671045
img_2815.png,-0.0071782816113138415
img_2816.png,0.27157957787019826
img_2817.png,-0.1694082467043876
img_2818.png,-0.4875396228640697
img_2819.png,0.2855946309168049
img_2820.png,0.45657087423969034
img_2821.png,-0.22286930276241357
img_2822.png,-0.03755950674189146
img_2823.png,0.2752740848885561
img_2824.png,0.4895128268538266
img_2825.png,-0.40877117961033826
img_2826.png,-0.10364880314871439
img_2827.png,-0.10087063083599324
img_2828.png,-0.2684745664170437
img_2829.png,-0.13194897177582665
img_2830.png,0.03524968902519876
img_2831.png,-0.4265298688002095
img_2832.png,0.13548405280861298
img_2833.png,-0.46741447916296175
img_2834.png,-0.19516577567863092
img_2835.png,0.334632717613627
img_2836.png,-0.29677056664727386
img_2837.png,0.2912034802567579
img_2838.png,0.17048131425656243
img_2839.png,0.3412626399471562
img_2840.png,-0.3917380487384863
img_2841.png,0.04660679900417686
img_2842.png,-0.17722573764340555
img_2843.png,-0.30261356544539286
img_2844.png,-0.0904336592019307
img_2845.png,-0.26917909033552323
img_2846.png,0.4082556722695895
img_2847.png,-0.14305554934079223
img_2848.png,-0.11617050034250853
img_2849.png,-0.2917219709120983
img_2850.png,-0.008353921230873862
img_2851.png,-0.36573885728332467
img_2852.png,0.3358185167268567
img_2853.png,-0.2788368417746224
img_2854.png,0.3293639603442453
img_2855.png,-0.29774408245446493
img_2856.png,-0.4033633812293378
img_2857.png,-0.48438972299977934
img_2858.png,0.3578487264104374
img_2859.png,0.12238106386545977
img_2860.png,0.1273030703151129
img_2861.png,-0.45281085484971617
img_2862.png,-0.007097498550537651
img_2863.png,-0.2708868796600743
img_2864.png,0.29335774987324703
img_2865.png,0.005371973043671874
img_2866.png,0.3759324740324602
img_2867.png,-0.37730120294063463
img_2868.png,-0.20148404569429046
img_2869.png,0.30345866581387837
img_2870.png,0.47741383374761703
img_2871.png,-0.4096157730659511
img_2872.png,-0.404482264482104
img_2873.png,0.2819386323796348
img_2874.png,0.118160234533354
img_2875.png,0.1533378849829804
img_2876.png,-0.4179119032401073
img_2877.png,0.36158742551850953
img_2878.png,0.4371057714749884
img_2879.png,0.10615607993249454
img_2880.png,-0.07947561982967155
img_2881.png,0.40262565749637735
img_2882.png,0.442928914912022
img_2883.png,-0.4981536035645917
img_2884.png,0.15823873985426395
img_2885.png,-0.14521573150274547
img_2886.png,-0.2606226094343884
img_2887.png,-0.3279419876802683
img_2888.png,0.2394749675375215
img_2889.png,-0.0437597144391646
img_2890.png,-0.17288341149805486
img_2891.png,0.4977570025113621
img_2892.png,0.15692001444667414
img_2893.png,0.14396334905537767
img_2894.png,0.4843656595837328
img_2895.png,0.31211526326283934
img_2896.png,0.27936667812208416
img_2897.png,-0.30737558539933185
img_2898.png,0.07110151741593307
img_2899.png,-0.39288421070214463
img_2900.png,-0.37318572295304886
img_2901.png,-0.26464007405058054
img_2902.png,0.4533067321100964
img_2903.png,0.18505099630755295
img_2904.png,-0.4639909753762559
img_2905.png,0.1193829597289574
img_2906.png,-0.39278905125462715
img_2907.png,-0.3403414981000248
img_2908.png,-0.028768227462327656
img_2909.png,-0.4867023650851867
img_2910.png,0.3310687471006094
img_2911.png,-0.1920953574072699
img_2912.png,0.40565600824600256
img_2913.png,0.028592592909453818
img_2914.png,0.21021608103839395
img_2915.png,-0.1430942715481237
img_2916.png,-0.0634547647715139
img_2917.png,-0.40897296468349564
img_2918.png,0.1589473359328849
img_2919.png,-0.05942818217851609
img_2920.png,-0.3399614879241373
img_2921.png,-0.1574072733767894
img_2922.png,-0.30246992895619484
img_2923.png,0.23743062432784845
img_2924.png,-0.16248299831588442
img_2925.png,-0.28420724863994407
img_2926.png,0.0042183253231151685
img_2927.png,-0.48950726056747407
img_2928.png,-0.1580732495042192
img_2929.png,-0.39072517102426574
img_2930.png,-0.02398953742877641
img_2931.png,-0.321088286893619
img_2932.png,-0.2856923273273737
img_2933.png,0.49987330332569613
img_2934.png,-0.39368224093349613
img_2935.png,-0.44885334513401876
img_2936.png,0.2716208244661038
img_2937.png,-0.19497136331321108
img_2938.png,-0.3514030494869208
img_2939.png,-0.241045498042469
img_2940.png,0.4187302565062825
img_2941.png,-0.23177731838744475
img_2942.png,-0.47407700430590616
img_2943.png,-0.14264503478456325
img_2944.png,0.49172978639898446
img_2945.png,-0.1014730458830918
img_2946.png,0.0353959626903706
img_2947.png,0.16670512307823415
img_2948.png,0.4446602825195908
img_2949.png,0.365572959099428
img_2950.png,0.22948541055809046
img_2951.png,0.019916019148016995
img_2952.png,0.4867278025507723
img_2953.png,0.0010999678526358858
img_2954.png,-0.1828297881979084
img_2955.png,-0.46908924650761064
img_2956.png,-0.03626908157585573
img_2957.png,-0.32321711348840143
img_2958.png,-0.3263641103315531
img_2959.png,-0.007619551166137106
img_2960.png,0.24396265157795916
img_2961.png,0.41734362302569217
img_2962.png,0.43240175459194397
img_2963.png,-0.4029584803977856
img_2964.png,0.18163178893317466
img_2965.png,0.12600077632356732
img_2966.png,-0.07349510273859383
img_2967.png,-0.36949725909057884
img_2968.png,0.18077346497180846
img_2969.png,-0.04685494587741279
img_2970.png,-0.12015400500562412
img_2971.png,0.1989232028250486
img_2972.png,-0.3911269907105632
img_2973.png,0.12892607069943263
img_2974.png,-0.16537279506450075
img_2975.png,-0.42305241556531303
img_2976.png,-0.2464033894653047
img_2977.png,-0.045804522648559276
img_2978.png,0.19815269739125363
img_2979.png,0.32846423893193744
img_2980.png,-0.05839122178018985
img_2981.png,0.21340596252569666
img_2982.png,0.22722537243446972
img_2983.png,-0.055431044461506485
img_2984.png,-0.034345457684351266
img_2985.png,0.24758880928785676
img_2986.png,-0.044288160946980626
img_2987.png,0.1110840559699483
img_2988.png,-0.34833001351137605
img_2989.png,0.42315700302562187
img_2990.png,0.45535138972755673
img_2991.png,0.2497776596410023
img_2992.png,-0.4349391558458081
img_2993.png,0.044606084032340565
img_2994.png,0.3071943754405012
img_2995.png,0.4705394388614149
img_2996.png,0.46016255447652377
img_2997.png,0.10607262317198107
img_2998.png,-0.2737836157113428
img_2999.png,0.30953177502604856
